date,product_id,quantity_sold
2025-11-08,67ce978f-aa73-4c6d-ac4b-2fb98eac2690,165
2025-11-08,323c5b1e-a605-45fe-b16f-0c1d2ecbac18,64
2025-11-08,eceabf31-0905-40b6-ae43-e5b0872e4c09,30
2025-11-08,2d94fbae-79c5-4d8d-a360-b78771b35d5c,75
2025-11-08,323c5b1e-a605-45fe-b16f-0c1d2ecbac18,88
2025-11-08,07133c2e-2543-463e-8191-cd6bb8f7287e,75
2025-11-08,67ce978f-aa73-4c6d-ac4b-2fb98eac2690,41
2025-11-08,8e783dc6-4f6d-4d76-8b14-4581da2942a5,36
2025-11-08,d950c181-da46-4628-9726-ac2b31fe2de7,279
2025-11-08,86573017-2b63-41a3-8ff2-9b2e95a0acae,51
2025-11-08,cf72d969-48aa-432b-8ea6-a1092a5d739f,92
2025-11-08,75eea4f5-3c4c-48ee-bcc2-a02ca1aa0707,535
2025-11-09,d3621581-3b1e-4f3c-b88e-16a771b6fd51,354
2025-11-09,64179c96-81dd-4512-84b9-0e5ac72476d1,46
2025-11-09,e2710b9e-522c-454d-9fdf-85a0d62d3635,302
2025-11-09,e2834a5e-d6e4-47e5-b624-6fb44b71170d,417
2025-11-09,7b4c2ae1-fc6f-4d99-b917-b6c63ffbc633,649
2025-11-09,639b6b77-33b1-44cd-87bc-c04598303533,70
2025-11-09,1570de8f-5233-4dad-a014-c57c7d2b30cd,187
2025-11-09,943c1dc8-f23a-4ea3-9181-4bdd3187cdaf,104
2025-11-09,70f1b94f-9910-4134-9f5b-2140284aaada,586
2025-11-09,67ce978f-aa73-4c6d-ac4b-2fb98eac2690,95
2025-11-09,323c5b1e-a605-45fe-b16f-0c1d2ecbac18,219
2025-11-09,d950c181-da46-4628-9726-ac2b31fe2de7,431
2025-11-09,c027e883-a7e5-4a45-8917-7c47839ddbb8,630
2025-11-09,2d94fbae-79c5-4d8d-a360-b78771b35d5c,61
2025-11-09,57c642f9-0546-4f54-92ce-51e3ab1f4ffd,145
2025-11-09,02fdcd0f-70a0-4ee4-ab03-bea802a616a7,126
2025-11-09,360d7a24-ee57-49db-b95a-6c07a781cdbc,46
2025-11-09,f676dbac-a8de-4c4c-bce7-7b9c3029c99b,331
2025-11-09,a622f94d-af53-4fe6-ae3a-7eb6f243476d,104
2025-11-09,f616bdc7-2657-48bb-b11c-755bd213dc54,55
2025-11-09,78e11325-844e-447e-9540-66236cf32bef,54
2025-11-09,27119f21-4ec9-47df-809f-cab68bbeb105,569
2025-11-09,c9c80692-34c5-466a-b280-f3e36aba9e0e,123
2025-11-09,6e1629d9-dccd-40f6-ac1c-7a15d7cc4a42,50
2025-11-09,bde33c87-35f6-42ac-9e37-b31b0529a8d4,149
2025-11-09,63143f6b-dba6-4849-b7fa-fd40b1006177,82
2025-11-09,86141946-3529-45d0-be22-fad94e49cffc,81
2025-11-09,b54c07e7-168e-4c31-b066-a414f996725d,25
2025-11-09,56506681-9ac4-441f-9c2e-6e99df2841ec,167
2025-11-09,404fbbae-9030-4ae2-83f7-4c372611308a,155
2025-11-09,c5a22f97-a170-4eab-94ef-d20088c05646,32
2025-11-09,b74ba8d3-80c8-4730-8643-4c6820d0d7c6,35
2025-11-09,23a81ae8-9bed-4b1e-9b4d-e31dbdf3d8b4,10
2025-11-09,cc703e15-a93c-423c-a368-1ed17f5bca2c,379
2025-11-09,83746f38-fe1c-458c-aa48-d27c72ae4b4f,114
2025-11-09,b71941cd-cef0-4be8-9103-a0fe3079bf69,179
2025-11-10,63143f6b-dba6-4849-b7fa-fd40b1006177,171
2025-11-10,0578efd6-4fe9-4815-b5eb-df9c15366b2d,88
2025-11-10,60bbfd54-deb8-4820-bda2-7d5f23c5ac71,257
2025-11-10,bd8ecf4e-4016-4cc1-9015-30ef7492ee7d,56
2025-11-10,04d12044-98c0-4912-8061-a4448009bf4f,350
2025-11-10,2377c2cd-6cbf-4269-ba06-ba1978ee4c7f,78
2025-11-10,86573017-2b63-41a3-8ff2-9b2e95a0acae,220
2025-11-10,76496209-9117-46e3-a43e-a7331e91c8cf,149
2025-11-10,f81f44b3-6d11-4099-8724-be967cef680e,209
2025-11-10,47f738a2-2464-4820-a74e-15afa67bd937,192
2025-11-10,1b56ceb0-5f94-442e-838b-0b577b8ecd09,285
2025-11-10,323c5b1e-a605-45fe-b16f-0c1d2ecbac18,329
2025-11-10,bf4ab8f3-74f9-4210-acb8-60e4f9e8c03b,266
2025-11-10,34cefd16-c9fc-4f5a-b21c-06e30d9f92ba,298
2025-11-10,c9c80692-34c5-466a-b280-f3e36aba9e0e,238
2025-11-10,c94f25f5-1a66-455b-809a-3169e6eddd38,269
2025-11-10,03d1d1c6-d015-412d-b885-0a3d53e5aba1,343
2025-11-10,778f5d64-20d9-46c9-ac6b-78127b8a18a6,179
2025-11-10,ad252533-6734-4e2a-9bb5-0625c602e357,12
2025-11-10,aa453f97-467d-46d0-8a9b-862716b6758f,46
2025-11-10,81a8d0f2-a3bc-48dd-b60f-7d1ee3bb61de,105
2025-11-10,23a81ae8-9bed-4b1e-9b4d-e31dbdf3d8b4,11
2025-11-10,f6acdadb-07ab-4398-8584-b95839b247d9,147
2025-11-10,ee7d5d3f-2ceb-4ce6-b5ed-21bc75705297,45
2025-11-10,a63d425d-e140-4889-9b04-e817e75e6e88,92
2025-11-10,7b747786-8c10-44f4-be88-9229187d7f8d,53
2025-11-10,df3afbac-e27f-4aaa-9d82-ad4d8288ca91,180
2025-11-10,5a535be5-c64e-42d5-b75d-310ba6017940,37
2025-11-10,c91ceb0b-bcb9-413d-aec7-12977299c128,98
2025-11-11,95a18ada-4bd1-4d2d-87d2-eeea84357ae9,148
2025-11-11,bf6804bd-0f80-4f00-a4d9-ff7d6d181685,65
2025-11-11,8e34005a-aae1-42c3-bd31-a44d9fc1f6d6,292
2025-11-11,f676dbac-a8de-4c4c-bce7-7b9c3029c99b,181
2025-11-11,aeaf8d41-9786-4b2c-bf29-cbec4b344889,266
2025-11-11,57c642f9-0546-4f54-92ce-51e3ab1f4ffd,197
2025-11-11,c91ceb0b-bcb9-413d-aec7-12977299c128,92
2025-11-11,8aa31ace-d03e-4d5e-8605-51c8a30ec2a6,127
2025-11-11,a3ef1949-579e-4904-b56d-94d5ef3f52f9,48
2025-11-11,0a142a36-c6fc-4135-a6ee-4d91835fae32,184
2025-11-11,02e64c63-8d6e-416d-ad15-26d3201b1718,12
2025-11-11,32a07c13-aec4-4e15-823b-ebd2913af9c0,93
2025-11-11,cf72d969-48aa-432b-8ea6-a1092a5d739f,127
2025-11-11,86141946-3529-45d0-be22-fad94e49cffc,164
2025-11-11,404fbbae-9030-4ae2-83f7-4c372611308a,32
2025-11-11,f3811631-3343-45b1-b01c-8fcf4b63df6f,46
2025-11-11,23a81ae8-9bed-4b1e-9b4d-e31dbdf3d8b4,46
2025-11-11,b4c15d05-bbb5-48b2-baab-b768b69c9af4,65
2025-11-11,206a78bf-c617-41dc-a059-db62641d56fb,306
2025-11-11,c3380f15-533f-4ead-ad89-ab854764664f,132
2025-11-11,6fa64707-db5f-4f0f-9a20-1215a31c3290,139
2025-11-11,0a142a36-c6fc-4135-a6ee-4d91835fae32,85
2025-11-11,7ef1ac2a-43e2-438a-b041-ea93cc788698,107
2025-11-11,56506681-9ac4-441f-9c2e-6e99df2841ec,66
2025-11-11,cf72d969-48aa-432b-8ea6-a1092a5d739f,99
2025-11-11,75eea4f5-3c4c-48ee-bcc2-a02ca1aa0707,247
2025-11-11,0578efd6-4fe9-4815-b5eb-df9c15366b2d,97
2025-11-12,b71941cd-cef0-4be8-9103-a0fe3079bf69,291
2025-11-12,61ace082-5bf0-4f51-91e6-4b42485905fb,106
2025-11-12,cc703e15-a93c-423c-a368-1ed17f5bca2c,263
2025-11-12,66b49cb5-9af2-4dd0-8603-27b32517a23e,341
2025-11-12,76496209-9117-46e3-a43e-a7331e91c8cf,97
2025-11-12,c9c80692-34c5-466a-b280-f3e36aba9e0e,165
2025-11-12,aeaf8d41-9786-4b2c-bf29-cbec4b344889,123
2025-11-12,ae6755f4-0a84-45c9-8038-68bc9aa2e54d,669
2025-11-12,eceabf31-0905-40b6-ae43-e5b0872e4c09,49
2025-11-12,500b5b48-7fa0-4f5b-b016-07a3478b49d1,51
2025-11-12,8e783dc6-4f6d-4d76-8b14-4581da2942a5,95
2025-11-12,2d94fbae-79c5-4d8d-a360-b78771b35d5c,56
2025-11-12,f81f5b5b-d5bd-411f-bccb-fe6870671862,477
2025-11-12,949d0b72-ce6e-459b-89dd-b0f710043b58,639
2025-11-12,5ec20ed9-51f2-4b36-ace4-1c00b0af731f,213
2025-11-12,d93d39bd-624c-4341-a782-9ef64bc324d1,410
2025-11-12,112eeeec-d240-48f0-adca-10d2c033ebe8,692
2025-11-12,3b41cd5a-fd32-487e-9682-214f2860f78c,109
2025-11-12,3420a80f-fd95-4a33-9bf0-c65aaaafd6cc,271
2025-11-12,e8dcbc25-4974-4865-a9a6-67f06fd9d66a,78
2025-11-12,a8a42c97-703e-4bc2-9384-2a45a78a943b,780
2025-11-13,11e9f5d8-2684-4052-b618-3da2513dd0f5,49
2025-11-13,be72ee8c-bb1d-4015-a030-58d0e97847b8,130
2025-11-13,c5a22f97-a170-4eab-94ef-d20088c05646,22
2025-11-13,d950c181-da46-4628-9726-ac2b31fe2de7,163
2025-11-13,757b5fbb-eff2-43df-9a03-a50b30281162,228
2025-11-13,99a7d335-ad92-4e5b-835a-61d8c69ba4f0,45
2025-11-13,11e9f5d8-2684-4052-b618-3da2513dd0f5,33
2025-11-13,01bca73b-8319-4754-9676-21a744f0a632,25
2025-11-13,de7cdbcb-579e-410b-a760-24bc39b38da0,38
2025-11-13,02e64c63-8d6e-416d-ad15-26d3201b1718,94
2025-11-13,91196896-69b7-4438-9c66-d66c13521cf8,232
2025-11-13,a3ef1949-579e-4904-b56d-94d5ef3f52f9,184
2025-11-13,de94f72b-ef10-44ca-8039-4de1c00ed98e,99
2025-11-13,7b747786-8c10-44f4-be88-9229187d7f8d,49
2025-11-13,2377c2cd-6cbf-4269-ba06-ba1978ee4c7f,109
2025-11-13,443830d6-2116-457e-a59e-07929a7e581c,262
2025-11-13,35c06479-7b7c-4445-a7c2-67c7bcb4a2ce,17
2025-11-13,ae6755f4-0a84-45c9-8038-68bc9aa2e54d,138
2025-11-13,8dc6d9a0-e2c5-4e96-83b4-29242b570a05,124
2025-11-14,b71941cd-cef0-4be8-9103-a0fe3079bf69,123
2025-11-14,cc703e15-a93c-423c-a368-1ed17f5bca2c,495
2025-11-14,83746f38-fe1c-458c-aa48-d27c72ae4b4f,55
2025-11-14,61ace082-5bf0-4f51-91e6-4b42485905fb,409
2025-11-14,8d577a11-cd30-49ec-b147-0204c9933520,212
2025-11-14,964a7b53-d151-48ed-9ff2-f97bfe1fc39a,148
2025-11-14,9d026919-e757-4793-91da-f1693e924ef8,99
2025-11-14,cdb20350-f2fd-4d39-8966-1a0a9c8a6c02,184
2025-11-14,46f568ad-071f-45d3-b203-6a6787abff45,264
2025-11-14,99a7d335-ad92-4e5b-835a-61d8c69ba4f0,55
2025-11-14,757b5fbb-eff2-43df-9a03-a50b30281162,640
2025-11-14,e09612d4-61e8-4b06-9c0c-2aa6bf99a368,20
2025-11-14,f92bd031-c396-4704-8ae1-9c3ccf18d4c1,15
2025-11-14,374227e6-7515-4c7d-800f-873a417da598,16
2025-11-14,757b5fbb-eff2-43df-9a03-a50b30281162,72
2025-11-14,135da2c0-7f30-4692-a5e6-8a910355c8a3,96
2025-11-14,85454bab-7690-4e7c-87ad-9fe4034ffa50,134
2025-11-14,3420a80f-fd95-4a33-9bf0-c65aaaafd6cc,282
2025-11-14,3acfef8b-4f6c-4973-b939-5b907594e727,67
2025-11-14,17a0ddd8-81e9-463f-8e82-7166faa583d7,74
2025-11-14,04d12044-98c0-4912-8061-a4448009bf4f,319
2025-11-14,bd8ecf4e-4016-4cc1-9015-30ef7492ee7d,7
2025-11-14,e6c7a179-2257-4723-874e-6954c0bc34c3,22
2025-11-14,da1b3af3-60c8-42f8-9e44-ff16d31c005e,37
2025-11-14,f8a1abfc-21ea-4af9-b259-15e15effe3f5,211
2025-11-14,de7cdbcb-579e-410b-a760-24bc39b38da0,32
2025-11-14,23a81ae8-9bed-4b1e-9b4d-e31dbdf3d8b4,45
2025-11-15,aeaf8d41-9786-4b2c-bf29-cbec4b344889,64
2025-11-15,38fec701-24e7-4143-b0f9-78e5f0954153,116
2025-11-15,f4825542-8457-4acd-b64d-44564f86b788,230
2025-11-15,02fdcd0f-70a0-4ee4-ab03-bea802a616a7,148
2025-11-15,c91ceb0b-bcb9-413d-aec7-12977299c128,140
2025-11-15,67ce978f-aa73-4c6d-ac4b-2fb98eac2690,56
2025-11-15,500b5b48-7fa0-4f5b-b016-07a3478b49d1,321
2025-11-15,8e783dc6-4f6d-4d76-8b14-4581da2942a5,27
2025-11-15,0a142a36-c6fc-4135-a6ee-4d91835fae32,85
2025-11-15,95a18ada-4bd1-4d2d-87d2-eeea84357ae9,265
2025-11-15,323fde40-0fde-4601-80d8-c21ee233090d,491
2025-11-15,206a78bf-c617-41dc-a059-db62641d56fb,75
2025-11-15,02e64c63-8d6e-416d-ad15-26d3201b1718,30
2025-11-15,b54c07e7-168e-4c31-b066-a414f996725d,24
2025-11-15,63143f6b-dba6-4849-b7fa-fd40b1006177,217
2025-11-15,cf72d969-48aa-432b-8ea6-a1092a5d739f,71
2025-11-15,86141946-3529-45d0-be22-fad94e49cffc,246
2025-11-15,56506681-9ac4-441f-9c2e-6e99df2841ec,50
2025-11-15,df1decca-4744-45d6-bac8-18b79254aa45,262
2025-11-15,66b49cb5-9af2-4dd0-8603-27b32517a23e,283
2025-11-15,b71941cd-cef0-4be8-9103-a0fe3079bf69,535
2025-11-15,964a7b53-d151-48ed-9ff2-f97bfe1fc39a,152
2025-11-15,8d577a11-cd30-49ec-b147-0204c9933520,66
2025-11-15,22e69462-372c-4f00-aa95-d2bceb6df30d,270
2025-11-15,8ce3e51b-aa19-43e6-84e9-520fc55a154b,85
2025-11-15,4191b6b0-e937-4db3-9727-a31104f59109,3
2025-11-15,35c06479-7b7c-4445-a7c2-67c7bcb4a2ce,13
2025-11-15,2377c2cd-6cbf-4269-ba06-ba1978ee4c7f,39
2025-11-15,17a0ddd8-81e9-463f-8e82-7166faa583d7,40
2025-11-15,67ce978f-aa73-4c6d-ac4b-2fb98eac2690,41
2025-11-15,eceabf31-0905-40b6-ae43-e5b0872e4c09,55
2025-11-15,2d94fbae-79c5-4d8d-a360-b78771b35d5c,113
2025-11-15,07133c2e-2543-463e-8191-cd6bb8f7287e,55
2025-11-15,71a0e3d8-007b-431f-abe9-00610dec6234,80
2025-11-15,1ef46aa7-7ec8-4fd0-bdd3-f54d763dc528,67
2025-11-15,ad252533-6734-4e2a-9bb5-0625c602e357,9
2025-11-15,778f5d64-20d9-46c9-ac6b-78127b8a18a6,104
2025-11-15,3802c5dd-f943-4702-86f2-eb7c7d3f0693,32
2025-11-15,4c60e7ea-8fbe-48cc-9a88-55a3b47fdf0f,235
2025-11-15,d29aa157-a13e-49b2-acbd-0751817a413a,64
2025-11-15,1b56ceb0-5f94-442e-838b-0b577b8ecd09,203
2025-11-15,bd950d7b-e670-4d8b-9afa-17b960aeb030,230
2025-11-15,4c60e7ea-8fbe-48cc-9a88-55a3b47fdf0f,470
2025-11-16,34cefd16-c9fc-4f5a-b21c-06e30d9f92ba,379
2025-11-16,4c60e7ea-8fbe-48cc-9a88-55a3b47fdf0f,184
2025-11-16,785b4772-99ad-4619-8dbf-385d5611e78e,356
2025-11-16,fe00416c-6bd0-4e79-9df2-0278bd29e32f,35
2025-11-16,398a415a-fdb0-40ba-be8e-66a1a5814e6d,79
2025-11-16,3acfef8b-4f6c-4973-b939-5b907594e727,83
2025-11-16,e796efe1-37ba-40b8-82e3-30cc2b0bfe6b,76
2025-11-16,5ec20ed9-51f2-4b36-ace4-1c00b0af731f,385
2025-11-16,f6acdadb-07ab-4398-8584-b95839b247d9,35
2025-11-16,949d0b72-ce6e-459b-89dd-b0f710043b58,91
2025-11-16,d93d39bd-624c-4341-a782-9ef64bc324d1,248
2025-11-16,642d3481-4416-4fe2-af1e-87fb9e23a2de,61
2025-11-16,95a18ada-4bd1-4d2d-87d2-eeea84357ae9,102
2025-11-16,a3ef1949-579e-4904-b56d-94d5ef3f52f9,76
2025-11-16,6fa64707-db5f-4f0f-9a20-1215a31c3290,295
2025-11-16,0a142a36-c6fc-4135-a6ee-4d91835fae32,411
2025-11-16,91196896-69b7-4438-9c66-d66c13521cf8,77
2025-11-16,07133c2e-2543-463e-8191-cd6bb8f7287e,55
2025-11-16,eceabf31-0905-40b6-ae43-e5b0872e4c09,30
2025-11-16,323c5b1e-a605-45fe-b16f-0c1d2ecbac18,385
2025-11-16,67ce978f-aa73-4c6d-ac4b-2fb98eac2690,42
2025-11-16,c027e883-a7e5-4a45-8917-7c47839ddbb8,361
2025-11-17,f81f44b3-6d11-4099-8724-be967cef680e,48
2025-11-17,b71941cd-cef0-4be8-9103-a0fe3079bf69,100
2025-11-17,c027e883-a7e5-4a45-8917-7c47839ddbb8,172
2025-11-17,2d94fbae-79c5-4d8d-a360-b78771b35d5c,39
2025-11-17,7d64b5d9-889a-4a53-8f5a-a59bcc8cbf57,49
2025-11-17,b4c15d05-bbb5-48b2-baab-b768b69c9af4,258
2025-11-17,38ac85bb-bf5c-4bc7-ad5c-493d57ed4dae,131
2025-11-17,8aa31ace-d03e-4d5e-8605-51c8a30ec2a6,108
2025-11-17,f87abd85-9f75-43d3-b942-cd1ace8d82df,286
2025-11-17,d950c181-da46-4628-9726-ac2b31fe2de7,241
2025-11-17,c027e883-a7e5-4a45-8917-7c47839ddbb8,297
2025-11-17,2d94fbae-79c5-4d8d-a360-b78771b35d5c,267
2025-11-17,61ace082-5bf0-4f51-91e6-4b42485905fb,93
2025-11-17,76496209-9117-46e3-a43e-a7331e91c8cf,213
2025-11-17,83746f38-fe1c-458c-aa48-d27c72ae4b4f,199
2025-11-17,b71941cd-cef0-4be8-9103-a0fe3079bf69,227
2025-11-17,18cb106c-9908-4d00-a75f-8f3a484f7566,228
2025-11-17,b5b07eba-a649-4f76-a48f-fcfed53d3f00,78
2025-11-17,5a535be5-c64e-42d5-b75d-310ba6017940,61
2025-11-17,c9c80692-34c5-466a-b280-f3e36aba9e0e,45
2025-11-17,df3afbac-e27f-4aaa-9d82-ad4d8288ca91,58
2025-11-17,70f1b94f-9910-4134-9f5b-2140284aaada,108
2025-11-17,4df48154-703c-4882-988d-115a81788920,49
2025-11-17,f81f5b5b-d5bd-411f-bccb-fe6870671862,102
2025-11-17,5ec20ed9-51f2-4b36-ace4-1c00b0af731f,102
2025-11-17,112eeeec-d240-48f0-adca-10d2c033ebe8,248
2025-11-18,e8dcbc25-4974-4865-a9a6-67f06fd9d66a,150
2025-11-18,123e3ea5-9992-4fa2-a63a-69d4a5c20d5d,30
2025-11-18,70e70c34-ae14-4604-acc5-51015e2f82b3,77
2025-11-18,2af91dad-5aca-4017-a69a-c58079de6327,67
2025-11-18,e990b715-8df9-4fa9-8423-62898b9c4dcf,371
2025-11-18,cf72d969-48aa-432b-8ea6-a1092a5d739f,118
2025-11-18,56506681-9ac4-441f-9c2e-6e99df2841ec,39
2025-11-18,7ef1ac2a-43e2-438a-b041-ea93cc788698,27
2025-11-18,e70fe5b9-2e25-40d0-8d8b-95496cd98d0a,215
2025-11-18,86573017-2b63-41a3-8ff2-9b2e95a0acae,82
2025-11-18,63143f6b-dba6-4849-b7fa-fd40b1006177,86
2025-11-18,75eea4f5-3c4c-48ee-bcc2-a02ca1aa0707,135
2025-11-18,56506681-9ac4-441f-9c2e-6e99df2841ec,71
2025-11-18,9605a25f-c7ea-46d9-b1c5-e066ca259375,150
2025-11-18,22dfb9bc-c3ae-4650-bad1-88adad33eada,130
2025-11-18,aa0d17d0-88c8-42a8-9337-1fd0b0adeb51,121
2025-11-18,d6a1db4a-a8cc-4416-a870-32f2890bce5e,208
2025-11-18,f92bd031-c396-4704-8ae1-9c3ccf18d4c1,20
2025-11-18,55735a3f-3f95-42f5-8d27-8db91bbac592,77
2025-11-18,374227e6-7515-4c7d-800f-873a417da598,22
2025-11-18,b641c7b8-ef58-45c3-ab89-6bc3204ec89e,54
2025-11-18,99a7d335-ad92-4e5b-835a-61d8c69ba4f0,45
2025-11-18,ade58c4e-4aeb-4646-9b7e-7c295f4c456f,221
2025-11-18,398a415a-fdb0-40ba-be8e-66a1a5814e6d,213
2025-11-18,fe119095-3186-4216-8779-e7f45b181d68,443
2025-11-18,df209978-c391-44ad-8492-9386ea6cdfb4,11
2025-11-18,e70fe5b9-2e25-40d0-8d8b-95496cd98d0a,77
2025-11-18,c53f0023-f635-44ad-a767-65c3d470725c,91
2025-11-18,8dc6d9a0-e2c5-4e96-83b4-29242b570a05,76
2025-11-18,17a0ddd8-81e9-463f-8e82-7166faa583d7,34
2025-11-18,ad252533-6734-4e2a-9bb5-0625c602e357,7
2025-11-18,3802c5dd-f943-4702-86f2-eb7c7d3f0693,46
2025-11-18,71a0e3d8-007b-431f-abe9-00610dec6234,38
2025-11-18,778f5d64-20d9-46c9-ac6b-78127b8a18a6,35
2025-11-18,3acfef8b-4f6c-4973-b939-5b907594e727,34
2025-11-19,76496209-9117-46e3-a43e-a7331e91c8cf,301
2025-11-19,cc703e15-a93c-423c-a368-1ed17f5bca2c,116
2025-11-19,46f568ad-071f-45d3-b203-6a6787abff45,257
2025-11-19,dc26827d-c335-4278-888f-f942ac76b5fc,2
2025-11-19,f92bd031-c396-4704-8ae1-9c3ccf18d4c1,6
2025-11-19,374227e6-7515-4c7d-800f-873a417da598,8
2025-11-19,8e783dc6-4f6d-4d76-8b14-4581da2942a5,54
2025-11-19,778f5d64-20d9-46c9-ac6b-78127b8a18a6,33
2025-11-19,03d1d1c6-d015-412d-b885-0a3d53e5aba1,64
2025-11-19,3802c5dd-f943-4702-86f2-eb7c7d3f0693,69
2025-11-20,1ef46aa7-7ec8-4fd0-bdd3-f54d763dc528,81
2025-11-20,3802c5dd-f943-4702-86f2-eb7c7d3f0693,166
2025-11-20,778f5d64-20d9-46c9-ac6b-78127b8a18a6,53
2025-11-20,71a0e3d8-007b-431f-abe9-00610dec6234,185
2025-11-20,ad252533-6734-4e2a-9bb5-0625c602e357,8
2025-11-20,8e34005a-aae1-42c3-bd31-a44d9fc1f6d6,324
2025-11-20,323fde40-0fde-4601-80d8-c21ee233090d,146
2025-11-20,95a18ada-4bd1-4d2d-87d2-eeea84357ae9,148
2025-11-20,206a78bf-c617-41dc-a059-db62641d56fb,408
2025-11-20,a3ef1949-579e-4904-b56d-94d5ef3f52f9,50
2025-11-20,de94f72b-ef10-44ca-8039-4de1c00ed98e,617
2025-11-20,8e34005a-aae1-42c3-bd31-a44d9fc1f6d6,87
2025-11-20,95a18ada-4bd1-4d2d-87d2-eeea84357ae9,47
2025-11-20,975ea67f-2c6c-46d0-b74c-a53dc7e42ea2,380
2025-11-20,919732f7-70f8-4671-a8fb-da97278e9655,277
2025-11-20,d3272d23-12fb-4b9e-bb56-9aa3b17230c2,96
2025-11-20,f81f5b5b-d5bd-411f-bccb-fe6870671862,388
2025-11-20,b74ba8d3-80c8-4730-8643-4c6820d0d7c6,8
2025-11-20,c5a22f97-a170-4eab-94ef-d20088c05646,29
2025-11-20,23a81ae8-9bed-4b1e-9b4d-e31dbdf3d8b4,39
2025-11-20,ef94ba9d-5e5f-400f-9dab-a1990cc66009,121
2025-11-20,11e9f5d8-2684-4052-b618-3da2513dd0f5,79
2025-11-20,d3621581-3b1e-4f3c-b88e-16a771b6fd51,90
2025-11-20,964a7b53-d151-48ed-9ff2-f97bfe1fc39a,81
2025-11-20,f9e12bbe-ad03-495f-9e96-3eaf76051a5c,479
2025-11-20,8d577a11-cd30-49ec-b147-0204c9933520,206
2025-11-20,9605a25f-c7ea-46d9-b1c5-e066ca259375,186
2025-11-20,e68e609d-4a46-49d5-9d1f-178b6ac661b5,209
2025-11-20,06a9fcf8-9895-4dac-835d-6538afb50488,153
2025-11-20,a366258a-bc11-4ab8-a77f-7b709ef9535e,173
2025-11-20,34cefd16-c9fc-4f5a-b21c-06e30d9f92ba,327
2025-11-20,bd950d7b-e670-4d8b-9afa-17b960aeb030,171
2025-11-21,f4a090a0-05ac-4d44-9637-7a41a632a0b1,458
2025-11-21,d29aa157-a13e-49b2-acbd-0751817a413a,130
2025-11-21,1b56ceb0-5f94-442e-838b-0b577b8ecd09,186
2025-11-21,a5778b60-522c-453e-8db0-8b525b6c521b,172
2025-11-21,778f5d64-20d9-46c9-ac6b-78127b8a18a6,145
2025-11-21,3802c5dd-f943-4702-86f2-eb7c7d3f0693,66
2025-11-21,1ef46aa7-7ec8-4fd0-bdd3-f54d763dc528,299
2025-11-21,f9e12bbe-ad03-495f-9e96-3eaf76051a5c,98
2025-11-21,8d577a11-cd30-49ec-b147-0204c9933520,426
2025-11-21,2d94fbae-79c5-4d8d-a360-b78771b35d5c,48
2025-11-21,c027e883-a7e5-4a45-8917-7c47839ddbb8,109
2025-11-21,8dc6d9a0-e2c5-4e96-83b4-29242b570a05,39
2025-11-21,cc703e15-a93c-423c-a368-1ed17f5bca2c,615
2025-11-21,76496209-9117-46e3-a43e-a7331e91c8cf,168
2025-11-21,b71941cd-cef0-4be8-9103-a0fe3079bf69,423
2025-11-21,83746f38-fe1c-458c-aa48-d27c72ae4b4f,78
2025-11-21,66b49cb5-9af2-4dd0-8603-27b32517a23e,155
2025-11-21,07133c2e-2543-463e-8191-cd6bb8f7287e,73
2025-11-21,c027e883-a7e5-4a45-8917-7c47839ddbb8,510
2025-11-21,eceabf31-0905-40b6-ae43-e5b0872e4c09,140
2025-11-21,8e783dc6-4f6d-4d76-8b14-4581da2942a5,33
2025-11-21,2d94fbae-79c5-4d8d-a360-b78771b35d5c,182
2025-11-22,252ce64a-c388-4d83-a996-dffe7b70b39d,475
2025-11-22,34cefd16-c9fc-4f5a-b21c-06e30d9f92ba,132
2025-11-22,a3ef1949-579e-4904-b56d-94d5ef3f52f9,69
2025-11-22,02e64c63-8d6e-416d-ad15-26d3201b1718,22
2025-11-22,efa35228-7ac9-47a8-8587-6f26024c9799,187
2025-11-22,bf6804bd-0f80-4f00-a4d9-ff7d6d181685,66
2025-11-22,206a78bf-c617-41dc-a059-db62641d56fb,83
2025-11-22,f4a090a0-05ac-4d44-9637-7a41a632a0b1,124
2025-11-22,55735a3f-3f95-42f5-8d27-8db91bbac592,81
2025-11-22,f676dbac-a8de-4c4c-bce7-7b9c3029c99b,161
2025-11-22,d567fe1a-6879-4bb2-a016-31db234bcc20,170
2025-11-22,f4825542-8457-4acd-b64d-44564f86b788,184
2025-11-22,141bb373-2003-44a2-97d4-2497d9f1b353,48
2025-11-22,1affea36-1fba-40b8-b983-cdd3252ec255,47
2025-11-22,cd181a41-f978-4b5b-8884-a51ac578daeb,114
2025-11-22,e2834a5e-d6e4-47e5-b624-6fb44b71170d,232
2025-11-23,91196896-69b7-4438-9c66-d66c13521cf8,52
2025-11-23,d6a1db4a-a8cc-4416-a870-32f2890bce5e,327
2025-11-23,534165af-2d84-4e06-b704-49fdbf0a9d28,44
2025-11-23,f3ad8ef1-53d9-47a4-bf28-98bf4c503a2a,64
2025-11-23,64179c96-81dd-4512-84b9-0e5ac72476d1,102
2025-11-23,8b8aa78a-338e-4d42-8bdc-6c80f56b1310,218
2025-11-23,2af91dad-5aca-4017-a69a-c58079de6327,262
2025-11-23,13fc9961-14c1-4d40-9826-11fa03861989,481
2025-11-23,70e70c34-ae14-4604-acc5-51015e2f82b3,401
2025-11-23,a8a42c97-703e-4bc2-9384-2a45a78a943b,97
2025-11-23,6fa64707-db5f-4f0f-9a20-1215a31c3290,338
2025-11-23,6fd18858-df49-4dac-bdfe-4cdaa313c8b8,184
2025-11-23,a2bd5b08-abe8-4abb-ab71-ffedf51ebc63,90
2025-11-23,91196896-69b7-4438-9c66-d66c13521cf8,60
2025-11-23,f3ad8ef1-53d9-47a4-bf28-98bf4c503a2a,56
2025-11-23,8b8aa78a-338e-4d42-8bdc-6c80f56b1310,75
2025-11-23,f9e12bbe-ad03-495f-9e96-3eaf76051a5c,300
2025-11-23,9605a25f-c7ea-46d9-b1c5-e066ca259375,373
2025-11-23,8d577a11-cd30-49ec-b147-0204c9933520,218
2025-11-23,9592efa6-7150-4fd4-9590-4d34231d13f3,16
2025-11-23,6fa64707-db5f-4f0f-9a20-1215a31c3290,145
2025-11-23,efa35228-7ac9-47a8-8587-6f26024c9799,377
2025-11-23,91196896-69b7-4438-9c66-d66c13521cf8,31
2025-11-23,32a07c13-aec4-4e15-823b-ebd2913af9c0,44
2025-11-23,642d3481-4416-4fe2-af1e-87fb9e23a2de,129
2025-11-23,1570de8f-5233-4dad-a014-c57c7d2b30cd,63
2025-11-23,f6acdadb-07ab-4398-8584-b95839b247d9,107
2025-11-23,112eeeec-d240-48f0-adca-10d2c033ebe8,454
2025-11-23,55735a3f-3f95-42f5-8d27-8db91bbac592,76
2025-11-23,9d026919-e757-4793-91da-f1693e924ef8,171
2025-11-23,135da2c0-7f30-4692-a5e6-8a910355c8a3,96
2025-11-23,f5c9e395-2684-4dfa-a6f9-d625dd6a0ccc,81
2025-11-23,e2834a5e-d6e4-47e5-b624-6fb44b71170d,58
2025-11-23,1affea36-1fba-40b8-b983-cdd3252ec255,72
2025-11-23,cd181a41-f978-4b5b-8884-a51ac578daeb,80
2025-11-23,7b4c2ae1-fc6f-4d99-b917-b6c63ffbc633,70
2025-11-23,648dc2dc-e803-461c-bc73-8a902bc03bf7,45
2025-11-23,d93d39bd-624c-4341-a782-9ef64bc324d1,130
2025-11-23,639b6b77-33b1-44cd-87bc-c04598303533,39
2025-11-23,14916d83-2ab0-4da4-987f-82c151e90bdc,43
2025-11-23,d567fe1a-6879-4bb2-a016-31db234bcc20,111
2025-11-23,bde33c87-35f6-42ac-9e37-b31b0529a8d4,134
2025-11-23,5feef123-1d15-4bf7-9d44-ae57ba3cb8d2,303
2025-11-24,a39dcecc-003b-4169-b8e2-9414f8e93564,21
2025-11-24,d83fdf93-3f8a-4715-b832-0879fd96f16a,8
2025-11-24,fe00416c-6bd0-4e79-9df2-0278bd29e32f,30
2025-11-24,e62cb075-1f77-48dc-b1a5-da48603d5373,184
2025-11-24,b1968ac2-686b-433c-b6fb-12d2f359f1fd,55
2025-11-24,45568dad-1858-4617-a71c-de9f6573cc88,3
2025-11-24,bd950d7b-e670-4d8b-9afa-17b960aeb030,95
2025-11-24,47f738a2-2464-4820-a74e-15afa67bd937,229
2025-11-24,86141946-3529-45d0-be22-fad94e49cffc,122
2025-11-24,0578efd6-4fe9-4815-b5eb-df9c15366b2d,251
2025-11-24,7ef1ac2a-43e2-438a-b041-ea93cc788698,18
2025-11-24,56506681-9ac4-441f-9c2e-6e99df2841ec,52
2025-11-24,0a142a36-c6fc-4135-a6ee-4d91835fae32,257
2025-11-24,91196896-69b7-4438-9c66-d66c13521cf8,48
2025-11-24,a3ef1949-579e-4904-b56d-94d5ef3f52f9,75
2025-11-24,c3380f15-533f-4ead-ad89-ab854764664f,311
2025-11-24,a2bd5b08-abe8-4abb-ab71-ffedf51ebc63,105
2025-11-24,9e3ce1c2-94e9-4bd1-8eca-8ef9d70e7ae3,29
2025-11-24,a622f94d-af53-4fe6-ae3a-7eb6f243476d,493
2025-11-24,4191b6b0-e937-4db3-9727-a31104f59109,7
2025-11-24,443830d6-2116-457e-a59e-07929a7e581c,110
2025-11-24,86573017-2b63-41a3-8ff2-9b2e95a0acae,45
2025-11-24,1affea36-1fba-40b8-b983-cdd3252ec255,78
2025-11-24,fdb15293-1b9b-4ca3-851a-b8039c363f95,95
2025-11-24,36f2be10-0e48-44ff-9638-0dc4b31e52e8,30
2025-11-24,1ef46aa7-7ec8-4fd0-bdd3-f54d763dc528,109
2025-11-24,71a0e3d8-007b-431f-abe9-00610dec6234,149
2025-11-24,ad252533-6734-4e2a-9bb5-0625c602e357,11
2025-11-24,03d1d1c6-d015-412d-b885-0a3d53e5aba1,67
2025-11-24,3802c5dd-f943-4702-86f2-eb7c7d3f0693,62
2025-11-25,83746f38-fe1c-458c-aa48-d27c72ae4b4f,230
2025-11-25,76496209-9117-46e3-a43e-a7331e91c8cf,111
2025-11-25,cc703e15-a93c-423c-a368-1ed17f5bca2c,773
2025-11-25,5ae263a0-a0de-4865-984b-8f31093273a3,53
2025-11-25,94283eb1-1637-4e38-9cc7-4d6ea1c33ea7,192
2025-11-25,f9e39ee3-31b7-44ed-8c71-87c2b0704fa7,184
2025-11-25,cbb46431-2527-437e-9634-16b58be0b920,40
2025-11-25,323c5b1e-a605-45fe-b16f-0c1d2ecbac18,247
2025-11-25,de7cdbcb-579e-410b-a760-24bc39b38da0,49
2025-11-25,11e9f5d8-2684-4052-b618-3da2513dd0f5,45
2025-11-25,81a8d0f2-a3bc-48dd-b60f-7d1ee3bb61de,46
2025-11-25,91196896-69b7-4438-9c66-d66c13521cf8,55
2025-11-25,c53f0023-f635-44ad-a767-65c3d470725c,443
2025-11-25,86573017-2b63-41a3-8ff2-9b2e95a0acae,65
2025-11-25,ae6755f4-0a84-45c9-8038-68bc9aa2e54d,225
2025-11-25,b71941cd-cef0-4be8-9103-a0fe3079bf69,610
2025-11-25,83746f38-fe1c-458c-aa48-d27c72ae4b4f,266
2025-11-25,f81f44b3-6d11-4099-8724-be967cef680e,48
2025-11-25,61ace082-5bf0-4f51-91e6-4b42485905fb,157
2025-11-26,323c5b1e-a605-45fe-b16f-0c1d2ecbac18,144
2025-11-26,374227e6-7515-4c7d-800f-873a417da598,33
2025-11-26,9d026919-e757-4793-91da-f1693e924ef8,170
2025-11-26,71a0e3d8-007b-431f-abe9-00610dec6234,51
2025-11-26,fdb15293-1b9b-4ca3-851a-b8039c363f95,309
2025-11-26,6d4a276e-ea46-4f46-9523-a4696e2401f4,174
2025-11-26,f9e39ee3-31b7-44ed-8c71-87c2b0704fa7,400
2025-11-26,aa0d17d0-88c8-42a8-9337-1fd0b0adeb51,139
2025-11-26,81a8d0f2-a3bc-48dd-b60f-7d1ee3bb61de,158
2025-11-26,b74ba8d3-80c8-4730-8643-4c6820d0d7c6,10
2025-11-26,56506681-9ac4-441f-9c2e-6e99df2841ec,78
2025-11-26,34cefd16-c9fc-4f5a-b21c-06e30d9f92ba,152
2025-11-26,e2710b9e-522c-454d-9fdf-85a0d62d3635,472
2025-11-27,60bbfd54-deb8-4820-bda2-7d5f23c5ac71,164
2025-11-27,35c06479-7b7c-4445-a7c2-67c7bcb4a2ce,23
2025-11-27,85454bab-7690-4e7c-87ad-9fe4034ffa50,500
2025-11-27,a8a42c97-703e-4bc2-9384-2a45a78a943b,359
2025-11-27,123e3ea5-9992-4fa2-a63a-69d4a5c20d5d,130
2025-11-27,a146d90e-da6e-41e6-891e-e6451709d812,115
2025-11-27,3b41cd5a-fd32-487e-9682-214f2860f78c,200
2025-11-27,252ce64a-c388-4d83-a996-dffe7b70b39d,109
2025-11-27,4c60e7ea-8fbe-48cc-9a88-55a3b47fdf0f,140
2025-11-27,b54c07e7-168e-4c31-b066-a414f996725d,18
2025-11-27,45568dad-1858-4617-a71c-de9f6573cc88,9
2025-11-27,bd950d7b-e670-4d8b-9afa-17b960aeb030,783
2025-11-27,252ce64a-c388-4d83-a996-dffe7b70b39d,120
2025-11-27,e68e609d-4a46-49d5-9d1f-178b6ac661b5,247
2025-11-27,03d1d1c6-d015-412d-b885-0a3d53e5aba1,260
2025-11-27,1ef46aa7-7ec8-4fd0-bdd3-f54d763dc528,522
2025-11-27,ad252533-6734-4e2a-9bb5-0625c602e357,3
2025-11-27,3420a80f-fd95-4a33-9bf0-c65aaaafd6cc,190
2025-11-27,df1decca-4744-45d6-bac8-18b79254aa45,59
2025-11-27,85454bab-7690-4e7c-87ad-9fe4034ffa50,469
2025-11-27,785b4772-99ad-4619-8dbf-385d5611e78e,199
2025-11-27,3b41cd5a-fd32-487e-9682-214f2860f78c,152
2025-11-27,ade58c4e-4aeb-4646-9b7e-7c295f4c456f,64
2025-11-27,10c97f5a-d9dd-4b5b-bc22-84206756e57f,328
2025-11-27,36f2be10-0e48-44ff-9638-0dc4b31e52e8,53
2025-11-27,1affea36-1fba-40b8-b983-cdd3252ec255,79
2025-11-28,67ce978f-aa73-4c6d-ac4b-2fb98eac2690,41
2025-11-28,8e783dc6-4f6d-4d76-8b14-4581da2942a5,93
2025-11-28,93ddf8de-1896-42d9-b428-1d2581d76d44,20
2025-11-28,d3621581-3b1e-4f3c-b88e-16a771b6fd51,233
2025-11-28,990bd9fc-6d53-4d01-98e7-767c2181c68f,20
2025-11-28,8b8aa78a-338e-4d42-8bdc-6c80f56b1310,189
2025-11-28,22dfb9bc-c3ae-4650-bad1-88adad33eada,198
2025-11-28,9d3ce992-9687-4a1f-877f-8713f55d70dc,300
2025-11-28,b5b07eba-a649-4f76-a48f-fcfed53d3f00,433
2025-11-28,135da2c0-7f30-4692-a5e6-8a910355c8a3,173
2025-11-28,757b5fbb-eff2-43df-9a03-a50b30281162,303
2025-11-28,e09612d4-61e8-4b06-9c0c-2aa6bf99a368,42
2025-11-28,5feef123-1d15-4bf7-9d44-ae57ba3cb8d2,125
2025-11-28,f4825542-8457-4acd-b64d-44564f86b788,176
2025-11-28,fb4731ad-aa5f-42b7-a66c-5e6c627afb51,57
2025-11-28,f9e12bbe-ad03-495f-9e96-3eaf76051a5c,236
2025-11-28,93ddf8de-1896-42d9-b428-1d2581d76d44,22
2025-11-28,22e69462-372c-4f00-aa95-d2bceb6df30d,105
2025-11-28,d3621581-3b1e-4f3c-b88e-16a771b6fd51,509
2025-11-28,32a07c13-aec4-4e15-823b-ebd2913af9c0,65
2025-11-28,8e34005a-aae1-42c3-bd31-a44d9fc1f6d6,675
2025-11-28,de94f72b-ef10-44ca-8039-4de1c00ed98e,171
2025-11-28,b4c15d05-bbb5-48b2-baab-b768b69c9af4,57
2025-11-28,38ac85bb-bf5c-4bc7-ad5c-493d57ed4dae,57
2025-11-28,500b5b48-7fa0-4f5b-b016-07a3478b49d1,355
2025-11-28,eceabf31-0905-40b6-ae43-e5b0872e4c09,142
2025-11-28,2d94fbae-79c5-4d8d-a360-b78771b35d5c,50
2025-11-28,c53f0023-f635-44ad-a767-65c3d470725c,392
2025-11-28,17a0ddd8-81e9-463f-8e82-7166faa583d7,81
2025-11-28,04d12044-98c0-4912-8061-a4448009bf4f,265
2025-11-29,06a9fcf8-9895-4dac-835d-6538afb50488,233
2025-11-29,d29aa157-a13e-49b2-acbd-0751817a413a,50
2025-11-29,bd950d7b-e670-4d8b-9afa-17b960aeb030,98
2025-11-29,07133c2e-2543-463e-8191-cd6bb8f7287e,100
2025-11-29,500b5b48-7fa0-4f5b-b016-07a3478b49d1,140
2025-11-29,e6c7a179-2257-4723-874e-6954c0bc34c3,48
2025-11-29,4c60e7ea-8fbe-48cc-9a88-55a3b47fdf0f,166
2025-11-29,252ce64a-c388-4d83-a996-dffe7b70b39d,353
2025-11-29,45568dad-1858-4617-a71c-de9f6573cc88,2
2025-11-29,bd950d7b-e670-4d8b-9afa-17b960aeb030,316
2025-11-29,bf4ab8f3-74f9-4210-acb8-60e4f9e8c03b,75
2025-11-29,5feef123-1d15-4bf7-9d44-ae57ba3cb8d2,164
2025-11-29,38fec701-24e7-4143-b0f9-78e5f0954153,76
2025-11-29,aeaf8d41-9786-4b2c-bf29-cbec4b344889,55
2025-11-29,d8bbeef7-d11a-4562-8350-82028b8e8c1d,77
2025-11-29,bf4ab8f3-74f9-4210-acb8-60e4f9e8c03b,569
2025-11-29,de94f72b-ef10-44ca-8039-4de1c00ed98e,131
2025-11-29,b4c15d05-bbb5-48b2-baab-b768b69c9af4,114
2025-11-29,323fde40-0fde-4601-80d8-c21ee233090d,75
2025-11-29,95a18ada-4bd1-4d2d-87d2-eeea84357ae9,64
2025-11-29,bf6804bd-0f80-4f00-a4d9-ff7d6d181685,444
2025-11-30,6fa64707-db5f-4f0f-9a20-1215a31c3290,80
2025-11-30,500b5b48-7fa0-4f5b-b016-07a3478b49d1,54
2025-11-30,2d94fbae-79c5-4d8d-a360-b78771b35d5c,49
2025-11-30,67ce978f-aa73-4c6d-ac4b-2fb98eac2690,124
2025-11-30,61ace082-5bf0-4f51-91e6-4b42485905fb,243
2025-11-30,b71941cd-cef0-4be8-9103-a0fe3079bf69,329
2025-11-30,83746f38-fe1c-458c-aa48-d27c72ae4b4f,207
2025-11-30,ad252533-6734-4e2a-9bb5-0625c602e357,8
2025-11-30,3802c5dd-f943-4702-86f2-eb7c7d3f0693,48
2025-11-30,135da2c0-7f30-4692-a5e6-8a910355c8a3,274
2025-11-30,55735a3f-3f95-42f5-8d27-8db91bbac592,331
2025-11-30,11e9f5d8-2684-4052-b618-3da2513dd0f5,15
2025-11-30,5ae263a0-a0de-4865-984b-8f31093273a3,71
2025-11-30,10c97f5a-d9dd-4b5b-bc22-84206756e57f,446
2025-11-30,0c1d3680-6b2b-4706-96d2-6fdbdd058c20,232
2025-11-30,fdb15293-1b9b-4ca3-851a-b8039c363f95,68
2025-11-30,cd181a41-f978-4b5b-8884-a51ac578daeb,115
2025-12-01,cbb46431-2527-437e-9634-16b58be0b920,168
2025-12-01,e2834a5e-d6e4-47e5-b624-6fb44b71170d,123
2025-12-01,f9e39ee3-31b7-44ed-8c71-87c2b0704fa7,134
2025-12-01,e2710b9e-522c-454d-9fdf-85a0d62d3635,140
2025-12-01,1affea36-1fba-40b8-b983-cdd3252ec255,47
2025-12-01,785b4772-99ad-4619-8dbf-385d5611e78e,378
2025-12-01,323c5b1e-a605-45fe-b16f-0c1d2ecbac18,75
2025-12-01,d950c181-da46-4628-9726-ac2b31fe2de7,237
2025-12-01,07133c2e-2543-463e-8191-cd6bb8f7287e,55
2025-12-01,67ce978f-aa73-4c6d-ac4b-2fb98eac2690,66
2025-12-01,de94f72b-ef10-44ca-8039-4de1c00ed98e,561
2025-12-01,c3380f15-533f-4ead-ad89-ab854764664f,190
2025-12-01,02e64c63-8d6e-416d-ad15-26d3201b1718,13
2025-12-01,d93d39bd-624c-4341-a782-9ef64bc324d1,89
2025-12-01,d3272d23-12fb-4b9e-bb56-9aa3b17230c2,129
2025-12-01,ae4c36c1-f8a7-4ae0-bab9-badf6098ccc3,49
2025-12-01,bde33c87-35f6-42ac-9e37-b31b0529a8d4,517
2025-12-01,5a535be5-c64e-42d5-b75d-310ba6017940,47
2025-12-01,ab2da2b7-3e30-4795-9cfa-eeab736149ab,104
2025-12-01,bde33c87-35f6-42ac-9e37-b31b0529a8d4,373
2025-12-01,57c642f9-0546-4f54-92ce-51e3ab1f4ffd,206
2025-12-01,ad252533-6734-4e2a-9bb5-0625c602e357,16
2025-12-02,71a0e3d8-007b-431f-abe9-00610dec6234,32
2025-12-02,778f5d64-20d9-46c9-ac6b-78127b8a18a6,190
2025-12-02,3802c5dd-f943-4702-86f2-eb7c7d3f0693,32
2025-12-02,1ef46aa7-7ec8-4fd0-bdd3-f54d763dc528,168
2025-12-02,ad252533-6734-4e2a-9bb5-0625c602e357,5
2025-12-02,95a18ada-4bd1-4d2d-87d2-eeea84357ae9,158
2025-12-02,0a142a36-c6fc-4135-a6ee-4d91835fae32,311
2025-12-02,6fd18858-df49-4dac-bdfe-4cdaa313c8b8,512
2025-12-02,4c60e7ea-8fbe-48cc-9a88-55a3b47fdf0f,111
2025-12-02,b4c15d05-bbb5-48b2-baab-b768b69c9af4,86
2025-12-02,c3380f15-533f-4ead-ad89-ab854764664f,733
2025-12-02,0a142a36-c6fc-4135-a6ee-4d91835fae32,85
2025-12-02,91196896-69b7-4438-9c66-d66c13521cf8,31
2025-12-02,6fa64707-db5f-4f0f-9a20-1215a31c3290,50
2025-12-02,f5c9e395-2684-4dfa-a6f9-d625dd6a0ccc,136
2025-12-02,94283eb1-1637-4e38-9cc7-4d6ea1c33ea7,108
2025-12-02,b4c15d05-bbb5-48b2-baab-b768b69c9af4,373
2025-12-03,679cfcde-72ee-4ccf-b8cc-0dffc1e054e0,81
2025-12-03,02fdcd0f-70a0-4ee4-ab03-bea802a616a7,110
2025-12-03,57c642f9-0546-4f54-92ce-51e3ab1f4ffd,52
2025-12-03,9e3ce1c2-94e9-4bd1-8eca-8ef9d70e7ae3,18
2025-12-03,f81f44b3-6d11-4099-8724-be967cef680e,108
2025-12-03,76496209-9117-46e3-a43e-a7331e91c8cf,341
2025-12-03,61ace082-5bf0-4f51-91e6-4b42485905fb,277
2025-12-03,b71941cd-cef0-4be8-9103-a0fe3079bf69,400
2025-12-03,d567fe1a-6879-4bb2-a016-31db234bcc20,20
2025-12-03,aeaf8d41-9786-4b2c-bf29-cbec4b344889,201
2025-12-03,679cfcde-72ee-4ccf-b8cc-0dffc1e054e0,45
2025-12-03,f4825542-8457-4acd-b64d-44564f86b788,250
2025-12-03,f81f44b3-6d11-4099-8724-be967cef680e,144
2025-12-03,7d64b5d9-889a-4a53-8f5a-a59bcc8cbf57,79
2025-12-03,bf6804bd-0f80-4f00-a4d9-ff7d6d181685,65
2025-12-03,95a18ada-4bd1-4d2d-87d2-eeea84357ae9,107
2025-12-03,91196896-69b7-4438-9c66-d66c13521cf8,47
2025-12-03,38ac85bb-bf5c-4bc7-ad5c-493d57ed4dae,139
2025-12-03,e2710b9e-522c-454d-9fdf-85a0d62d3635,129
2025-12-03,6d4a276e-ea46-4f46-9523-a4696e2401f4,50
2025-12-03,1affea36-1fba-40b8-b983-cdd3252ec255,222
2025-12-03,e2710b9e-522c-454d-9fdf-85a0d62d3635,293
2025-12-03,94283eb1-1637-4e38-9cc7-4d6ea1c33ea7,616
2025-12-03,141bb373-2003-44a2-97d4-2497d9f1b353,91
2025-12-03,cbb46431-2527-437e-9634-16b58be0b920,49
2025-12-03,02e64c63-8d6e-416d-ad15-26d3201b1718,13
2025-12-03,91196896-69b7-4438-9c66-d66c13521cf8,33
2025-12-03,8e34005a-aae1-42c3-bd31-a44d9fc1f6d6,124
2025-12-03,778f5d64-20d9-46c9-ac6b-78127b8a18a6,32
2025-12-03,71a0e3d8-007b-431f-abe9-00610dec6234,184
2025-12-03,3802c5dd-f943-4702-86f2-eb7c7d3f0693,189
2025-12-03,ad252533-6734-4e2a-9bb5-0625c602e357,10
2025-12-03,3802c5dd-f943-4702-86f2-eb7c7d3f0693,39
2025-12-03,1ef46aa7-7ec8-4fd0-bdd3-f54d763dc528,450
2025-12-03,778f5d64-20d9-46c9-ac6b-78127b8a18a6,174
2025-12-03,71a0e3d8-007b-431f-abe9-00610dec6234,148
2025-12-03,b641c7b8-ef58-45c3-ab89-6bc3204ec89e,175
2025-12-03,135da2c0-7f30-4692-a5e6-8a910355c8a3,354
2025-12-03,b5b07eba-a649-4f76-a48f-fcfed53d3f00,231
2025-12-03,d93d39bd-624c-4341-a782-9ef64bc324d1,143
2025-12-03,112eeeec-d240-48f0-adca-10d2c033ebe8,94
2025-12-03,cdb20350-f2fd-4d39-8966-1a0a9c8a6c02,103
2025-12-03,a45e1522-4444-4ccb-863f-d322b657540b,298
2025-12-03,67ce978f-aa73-4c6d-ac4b-2fb98eac2690,187
2025-12-03,d950c181-da46-4628-9726-ac2b31fe2de7,84
2025-12-03,eceabf31-0905-40b6-ae43-e5b0872e4c09,39
2025-12-03,323c5b1e-a605-45fe-b16f-0c1d2ecbac18,287
2025-12-03,500b5b48-7fa0-4f5b-b016-07a3478b49d1,71
2025-12-04,cf72d969-48aa-432b-8ea6-a1092a5d739f,154
2025-12-04,63143f6b-dba6-4849-b7fa-fd40b1006177,136
2025-12-04,75eea4f5-3c4c-48ee-bcc2-a02ca1aa0707,291
2025-12-04,b54c07e7-168e-4c31-b066-a414f996725d,22
2025-12-04,56506681-9ac4-441f-9c2e-6e99df2841ec,98
2025-12-04,7d64b5d9-889a-4a53-8f5a-a59bcc8cbf57,47
2025-12-04,71a0e3d8-007b-431f-abe9-00610dec6234,47
2025-12-04,03d1d1c6-d015-412d-b885-0a3d53e5aba1,86
2025-12-04,778f5d64-20d9-46c9-ac6b-78127b8a18a6,123
2025-12-04,757b5fbb-eff2-43df-9a03-a50b30281162,508
2025-12-04,55735a3f-3f95-42f5-8d27-8db91bbac592,266
2025-12-04,56506681-9ac4-441f-9c2e-6e99df2841ec,164
2025-12-04,fb4731ad-aa5f-42b7-a66c-5e6c627afb51,22
2025-12-04,9605a25f-c7ea-46d9-b1c5-e066ca259375,160
2025-12-04,d8bbeef7-d11a-4562-8350-82028b8e8c1d,113
2025-12-04,c9c80692-34c5-466a-b280-f3e36aba9e0e,114
2025-12-04,0578efd6-4fe9-4815-b5eb-df9c15366b2d,236
2025-12-04,7ef1ac2a-43e2-438a-b041-ea93cc788698,64
2025-12-04,cf72d969-48aa-432b-8ea6-a1092a5d739f,169
2025-12-05,be72ee8c-bb1d-4015-a030-58d0e97847b8,372
2025-12-05,11e9f5d8-2684-4052-b618-3da2513dd0f5,20
2025-12-05,75eea4f5-3c4c-48ee-bcc2-a02ca1aa0707,309
2025-12-05,63143f6b-dba6-4849-b7fa-fd40b1006177,146
2025-12-05,0578efd6-4fe9-4815-b5eb-df9c15366b2d,296
2025-12-05,e68e609d-4a46-49d5-9d1f-178b6ac661b5,129
2025-12-05,f4a090a0-05ac-4d44-9637-7a41a632a0b1,119
2025-12-05,34cefd16-c9fc-4f5a-b21c-06e30d9f92ba,206
2025-12-05,4c60e7ea-8fbe-48cc-9a88-55a3b47fdf0f,491
2025-12-05,d29aa157-a13e-49b2-acbd-0751817a413a,155
2025-12-05,bf4ab8f3-74f9-4210-acb8-60e4f9e8c03b,307
2025-12-05,a5778b60-522c-453e-8db0-8b525b6c521b,136
2025-12-05,06a9fcf8-9895-4dac-835d-6538afb50488,203
2025-12-05,70e70c34-ae14-4604-acc5-51015e2f82b3,152
2025-12-05,7359c823-539c-4f1b-88c3-4687fa01efa9,71
2025-12-06,2377c2cd-6cbf-4269-ba06-ba1978ee4c7f,142
2025-12-06,8dc6d9a0-e2c5-4e96-83b4-29242b570a05,32
2025-12-06,07ac2356-0f30-4114-9a6c-dc7543f0e44e,790
2025-12-06,b4c15d05-bbb5-48b2-baab-b768b69c9af4,71
2025-12-06,a3ef1949-579e-4904-b56d-94d5ef3f52f9,66
2025-12-06,8aa31ace-d03e-4d5e-8605-51c8a30ec2a6,354
2025-12-06,8e34005a-aae1-42c3-bd31-a44d9fc1f6d6,403
2025-12-06,6fa64707-db5f-4f0f-9a20-1215a31c3290,140
2025-12-06,03d1d1c6-d015-412d-b885-0a3d53e5aba1,64
2025-12-06,642d3481-4416-4fe2-af1e-87fb9e23a2de,104
2025-12-06,949d0b72-ce6e-459b-89dd-b0f710043b58,277
2025-12-06,919732f7-70f8-4671-a8fb-da97278e9655,121
2025-12-06,d3272d23-12fb-4b9e-bb56-9aa3b17230c2,363
2025-12-06,d29aa157-a13e-49b2-acbd-0751817a413a,208
2025-12-06,35c06479-7b7c-4445-a7c2-67c7bcb4a2ce,76
2025-12-06,bd8ecf4e-4016-4cc1-9015-30ef7492ee7d,7
2025-12-06,3802c5dd-f943-4702-86f2-eb7c7d3f0693,40
2025-12-06,8ce3e51b-aa19-43e6-84e9-520fc55a154b,62
2025-12-06,e70fe5b9-2e25-40d0-8d8b-95496cd98d0a,174
2025-12-06,4191b6b0-e937-4db3-9727-a31104f59109,3
2025-12-06,60bbfd54-deb8-4820-bda2-7d5f23c5ac71,488
2025-12-06,18cb106c-9908-4d00-a75f-8f3a484f7566,107
2025-12-06,757b5fbb-eff2-43df-9a03-a50b30281162,614
2025-12-06,dc26827d-c335-4278-888f-f942ac76b5fc,4
2025-12-06,84fd3309-4e12-49eb-943d-6b888040eec9,192
2025-12-06,374227e6-7515-4c7d-800f-873a417da598,48
2025-12-07,1da86d07-48dc-479d-8d08-b6e45f65b698,121
2025-12-07,2af91dad-5aca-4017-a69a-c58079de6327,395
2025-12-07,df209978-c391-44ad-8492-9386ea6cdfb4,11
2025-12-07,a6fcde18-1e70-4a84-b37b-23a6de607ef1,165
2025-12-07,398a415a-fdb0-40ba-be8e-66a1a5814e6d,237
2025-12-07,1764cc81-19d5-423f-b717-8003bc410d4a,270
2025-12-07,d83fdf93-3f8a-4715-b832-0879fd96f16a,15
2025-12-07,1da86d07-48dc-479d-8d08-b6e45f65b698,193
2025-12-07,a39dcecc-003b-4169-b8e2-9414f8e93564,21
2025-12-07,1da86d07-48dc-479d-8d08-b6e45f65b698,82
2025-12-07,398a415a-fdb0-40ba-be8e-66a1a5814e6d,95
2025-12-07,df209978-c391-44ad-8492-9386ea6cdfb4,14
2025-12-07,fe00416c-6bd0-4e79-9df2-0278bd29e32f,19
2025-12-07,7b4c2ae1-fc6f-4d99-b917-b6c63ffbc633,355
2025-12-07,949d0b72-ce6e-459b-89dd-b0f710043b58,446
2025-12-07,f6acdadb-07ab-4398-8584-b95839b247d9,44
2025-12-08,86141946-3529-45d0-be22-fad94e49cffc,56
2025-12-08,75eea4f5-3c4c-48ee-bcc2-a02ca1aa0707,86
2025-12-08,ad252533-6734-4e2a-9bb5-0625c602e357,3
2025-12-08,1ef46aa7-7ec8-4fd0-bdd3-f54d763dc528,257
2025-12-08,03d1d1c6-d015-412d-b885-0a3d53e5aba1,206
2025-12-08,3802c5dd-f943-4702-86f2-eb7c7d3f0693,135
2025-12-08,2377c2cd-6cbf-4269-ba06-ba1978ee4c7f,195
2025-12-08,e70fe5b9-2e25-40d0-8d8b-95496cd98d0a,118
2025-12-08,443830d6-2116-457e-a59e-07929a7e581c,172
2025-12-08,76496209-9117-46e3-a43e-a7331e91c8cf,314
2025-12-08,66b49cb5-9af2-4dd0-8603-27b32517a23e,115
2025-12-08,61ace082-5bf0-4f51-91e6-4b42485905fb,98
2025-12-08,94283eb1-1637-4e38-9cc7-4d6ea1c33ea7,472
2025-12-08,0c1d3680-6b2b-4706-96d2-6fdbdd058c20,116
2025-12-08,141bb373-2003-44a2-97d4-2497d9f1b353,18
2025-12-08,74ab7751-16ee-44ac-be72-a3db064005ab,526
2025-12-08,fdb15293-1b9b-4ca3-851a-b8039c363f95,58
2025-12-08,19f6addb-88f1-4b8a-bc19-abeb6202db19,80
2025-12-08,f9e12bbe-ad03-495f-9e96-3eaf76051a5c,292
2025-12-08,f3ad8ef1-53d9-47a4-bf28-98bf4c503a2a,100
2025-12-08,d3621581-3b1e-4f3c-b88e-16a771b6fd51,97
2025-12-08,534165af-2d84-4e06-b704-49fdbf0a9d28,96
2025-12-08,990bd9fc-6d53-4d01-98e7-767c2181c68f,71
2025-12-08,c3380f15-533f-4ead-ad89-ab854764664f,148
2025-12-09,1570de8f-5233-4dad-a014-c57c7d2b30cd,88
2025-12-09,949d0b72-ce6e-459b-89dd-b0f710043b58,87
2025-12-09,85454bab-7690-4e7c-87ad-9fe4034ffa50,370
2025-12-09,1da86d07-48dc-479d-8d08-b6e45f65b698,399
2025-12-09,a146d90e-da6e-41e6-891e-e6451709d812,359
2025-12-09,f616bdc7-2657-48bb-b11c-755bd213dc54,85
2025-12-09,13fc9961-14c1-4d40-9826-11fa03861989,201
2025-12-09,c91ceb0b-bcb9-413d-aec7-12977299c128,300
2025-12-09,360d7a24-ee57-49db-b95a-6c07a781cdbc,44
2025-12-09,d567fe1a-6879-4bb2-a016-31db234bcc20,47
2025-12-09,c9c80692-34c5-466a-b280-f3e36aba9e0e,142
2025-12-09,d8bbeef7-d11a-4562-8350-82028b8e8c1d,97
2025-12-09,d29aa157-a13e-49b2-acbd-0751817a413a,34
2025-12-09,4c60e7ea-8fbe-48cc-9a88-55a3b47fdf0f,381
2025-12-09,bf4ab8f3-74f9-4210-acb8-60e4f9e8c03b,590
2025-12-09,a366258a-bc11-4ab8-a77f-7b709ef9535e,94
2025-12-09,1b56ceb0-5f94-442e-838b-0b577b8ecd09,708
2025-12-09,e6c7a179-2257-4723-874e-6954c0bc34c3,48
2025-12-09,b74ba8d3-80c8-4730-8643-4c6820d0d7c6,46
2025-12-09,c5a22f97-a170-4eab-94ef-d20088c05646,9
2025-12-09,cd48df7f-84b6-427f-8d13-50ba131a4408,56
2025-12-10,36f2be10-0e48-44ff-9638-0dc4b31e52e8,69
2025-12-10,f5c9e395-2684-4dfa-a6f9-d625dd6a0ccc,197
2025-12-10,141bb373-2003-44a2-97d4-2497d9f1b353,20
2025-12-10,19f6addb-88f1-4b8a-bc19-abeb6202db19,298
2025-12-10,86573017-2b63-41a3-8ff2-9b2e95a0acae,124
2025-12-10,60bbfd54-deb8-4820-bda2-7d5f23c5ac71,222
2025-12-10,0578efd6-4fe9-4815-b5eb-df9c15366b2d,241
2025-12-10,7ef1ac2a-43e2-438a-b041-ea93cc788698,149
2025-12-10,cf72d969-48aa-432b-8ea6-a1092a5d739f,58
2025-12-10,07133c2e-2543-463e-8191-cd6bb8f7287e,274
2025-12-10,c027e883-a7e5-4a45-8917-7c47839ddbb8,947
2025-12-10,500b5b48-7fa0-4f5b-b016-07a3478b49d1,51
2025-12-10,d950c181-da46-4628-9726-ac2b31fe2de7,237
2025-12-10,67ce978f-aa73-4c6d-ac4b-2fb98eac2690,41
2025-12-10,cd48df7f-84b6-427f-8d13-50ba131a4408,41
2025-12-10,aa453f97-467d-46d0-8a9b-862716b6758f,10
2025-12-10,da1b3af3-60c8-42f8-9e44-ff16d31c005e,65
2025-12-10,be72ee8c-bb1d-4015-a030-58d0e97847b8,168
2025-12-10,99a7d335-ad92-4e5b-835a-61d8c69ba4f0,138
2025-12-10,ba8c9037-f5ad-4fc7-b6de-13d4b7827f39,84
2025-12-10,f87abd85-9f75-43d3-b942-cd1ace8d82df,106
2025-12-10,6fd18858-df49-4dac-bdfe-4cdaa313c8b8,135
2025-12-11,3acfef8b-4f6c-4973-b939-5b907594e727,39
2025-12-11,123e3ea5-9992-4fa2-a63a-69d4a5c20d5d,103
2025-12-11,df1decca-4744-45d6-bac8-18b79254aa45,294
2025-12-11,86f7963d-1572-469d-8490-5b0a8917dd7d,194
2025-12-11,0578efd6-4fe9-4815-b5eb-df9c15366b2d,54
2025-12-11,b54c07e7-168e-4c31-b066-a414f996725d,40
2025-12-11,02fdcd0f-70a0-4ee4-ab03-bea802a616a7,353
2025-12-11,d8bbeef7-d11a-4562-8350-82028b8e8c1d,100
2025-12-11,f4825542-8457-4acd-b64d-44564f86b788,353
2025-12-11,5feef123-1d15-4bf7-9d44-ae57ba3cb8d2,46
2025-12-11,74ab7751-16ee-44ac-be72-a3db064005ab,111
2025-12-11,94283eb1-1637-4e38-9cc7-4d6ea1c33ea7,337
2025-12-11,10c97f5a-d9dd-4b5b-bc22-84206756e57f,296
2025-12-11,f9e39ee3-31b7-44ed-8c71-87c2b0704fa7,55
2025-12-12,323c5b1e-a605-45fe-b16f-0c1d2ecbac18,143
2025-12-12,66b49cb5-9af2-4dd0-8603-27b32517a23e,201
2025-12-12,f81f44b3-6d11-4099-8724-be967cef680e,392
2025-12-12,8ce3e51b-aa19-43e6-84e9-520fc55a154b,221
2025-12-12,e70fe5b9-2e25-40d0-8d8b-95496cd98d0a,104
2025-12-12,35c06479-7b7c-4445-a7c2-67c7bcb4a2ce,34
2025-12-12,07133c2e-2543-463e-8191-cd6bb8f7287e,65
2025-12-12,323c5b1e-a605-45fe-b16f-0c1d2ecbac18,101
2025-12-12,c027e883-a7e5-4a45-8917-7c47839ddbb8,568
2025-12-12,8e783dc6-4f6d-4d76-8b14-4581da2942a5,44
2025-12-12,500b5b48-7fa0-4f5b-b016-07a3478b49d1,186
2025-12-12,d29aa157-a13e-49b2-acbd-0751817a413a,99
2025-12-12,252ce64a-c388-4d83-a996-dffe7b70b39d,153
2025-12-12,e68e609d-4a46-49d5-9d1f-178b6ac661b5,85
2025-12-12,bd950d7b-e670-4d8b-9afa-17b960aeb030,168
2025-12-12,a366258a-bc11-4ab8-a77f-7b709ef9535e,396
2025-12-12,112eeeec-d240-48f0-adca-10d2c033ebe8,146
2025-12-12,919732f7-70f8-4671-a8fb-da97278e9655,261
2025-12-12,f81f5b5b-d5bd-411f-bccb-fe6870671862,432
2025-12-12,74ab7751-16ee-44ac-be72-a3db064005ab,117
2025-12-12,1affea36-1fba-40b8-b983-cdd3252ec255,142
2025-12-13,4df48154-703c-4882-988d-115a81788920,147
2025-12-13,d93d39bd-624c-4341-a782-9ef64bc324d1,196
2025-12-13,7b747786-8c10-44f4-be88-9229187d7f8d,49
2025-12-13,e990b715-8df9-4fa9-8423-62898b9c4dcf,85
2025-12-13,fe119095-3186-4216-8779-e7f45b181d68,106
2025-12-13,2af91dad-5aca-4017-a69a-c58079de6327,235
2025-12-13,e62cb075-1f77-48dc-b1a5-da48603d5373,278
2025-12-13,70e70c34-ae14-4604-acc5-51015e2f82b3,140
2025-12-13,4ef7b90d-cbaa-4851-b161-fa168a8b8c20,111
2025-12-13,14916d83-2ab0-4da4-987f-82c151e90bdc,43
2025-12-13,c9c80692-34c5-466a-b280-f3e36aba9e0e,80
2025-12-13,ae4c36c1-f8a7-4ae0-bab9-badf6098ccc3,73
2025-12-13,ab2da2b7-3e30-4795-9cfa-eeab736149ab,21
2025-12-13,4c60e7ea-8fbe-48cc-9a88-55a3b47fdf0f,198
2025-12-13,03d1d1c6-d015-412d-b885-0a3d53e5aba1,235
2025-12-13,1ef46aa7-7ec8-4fd0-bdd3-f54d763dc528,174
2025-12-13,ad252533-6734-4e2a-9bb5-0625c602e357,4
2025-12-13,778f5d64-20d9-46c9-ac6b-78127b8a18a6,261
2025-12-14,03d1d1c6-d015-412d-b885-0a3d53e5aba1,75
2025-12-14,1ef46aa7-7ec8-4fd0-bdd3-f54d763dc528,146
2025-12-14,3802c5dd-f943-4702-86f2-eb7c7d3f0693,141
2025-12-14,778f5d64-20d9-46c9-ac6b-78127b8a18a6,93
2025-12-14,ad252533-6734-4e2a-9bb5-0625c602e357,3
2025-12-15,9d3ce992-9687-4a1f-877f-8713f55d70dc,442
2025-12-15,83746f38-fe1c-458c-aa48-d27c72ae4b4f,126
2025-12-15,66b49cb5-9af2-4dd0-8603-27b32517a23e,543
2025-12-15,f81f44b3-6d11-4099-8724-be967cef680e,77
2025-12-15,cc703e15-a93c-423c-a368-1ed17f5bca2c,96
2025-12-15,17a0ddd8-81e9-463f-8e82-7166faa583d7,23
2025-12-15,2d94fbae-79c5-4d8d-a360-b78771b35d5c,44
2025-12-15,d950c181-da46-4628-9726-ac2b31fe2de7,427
2025-12-15,67ce978f-aa73-4c6d-ac4b-2fb98eac2690,124
2025-12-15,500b5b48-7fa0-4f5b-b016-07a3478b49d1,138
2025-12-15,f6acdadb-07ab-4398-8584-b95839b247d9,147
2025-12-15,7b747786-8c10-44f4-be88-9229187d7f8d,80
2025-12-16,9592efa6-7150-4fd4-9590-4d34231d13f3,15
2025-12-16,93ddf8de-1896-42d9-b428-1d2581d76d44,38
2025-12-16,8d577a11-cd30-49ec-b147-0204c9933520,200
2025-12-16,f81f44b3-6d11-4099-8724-be967cef680e,79
2025-12-16,76496209-9117-46e3-a43e-a7331e91c8cf,163
2025-12-16,66b49cb5-9af2-4dd0-8603-27b32517a23e,246
2025-12-16,cf72d969-48aa-432b-8ea6-a1092a5d739f,40
2025-12-16,b54c07e7-168e-4c31-b066-a414f996725d,4
2025-12-16,63143f6b-dba6-4849-b7fa-fd40b1006177,433
2025-12-16,17a0ddd8-81e9-463f-8e82-7166faa583d7,131
2025-12-16,bd8ecf4e-4016-4cc1-9015-30ef7492ee7d,12
2025-12-16,3802c5dd-f943-4702-86f2-eb7c7d3f0693,140
2025-12-16,03d1d1c6-d015-412d-b885-0a3d53e5aba1,329
2025-12-16,778f5d64-20d9-46c9-ac6b-78127b8a18a6,88
2025-12-17,ad252533-6734-4e2a-9bb5-0625c602e357,3
2025-12-17,03d1d1c6-d015-412d-b885-0a3d53e5aba1,105
2025-12-17,61ace082-5bf0-4f51-91e6-4b42485905fb,212
2025-12-17,66b49cb5-9af2-4dd0-8603-27b32517a23e,180
2025-12-17,b71941cd-cef0-4be8-9103-a0fe3079bf69,116
2025-12-17,76496209-9117-46e3-a43e-a7331e91c8cf,147
2025-12-17,efa35228-7ac9-47a8-8587-6f26024c9799,139
2025-12-17,c3380f15-533f-4ead-ad89-ab854764664f,508
2025-12-17,6fd18858-df49-4dac-bdfe-4cdaa313c8b8,127
2025-12-17,32a07c13-aec4-4e15-823b-ebd2913af9c0,49
2025-12-17,323fde40-0fde-4601-80d8-c21ee233090d,592
2025-12-17,aeaf8d41-9786-4b2c-bf29-cbec4b344889,70
2025-12-17,6e1629d9-dccd-40f6-ac1c-7a15d7cc4a42,44
2025-12-17,c9c80692-34c5-466a-b280-f3e36aba9e0e,184
2025-12-17,5a535be5-c64e-42d5-b75d-310ba6017940,77
2025-12-17,1764cc81-19d5-423f-b717-8003bc410d4a,71
2025-12-17,785b4772-99ad-4619-8dbf-385d5611e78e,158
2025-12-17,a146d90e-da6e-41e6-891e-e6451709d812,100
2025-12-17,b1968ac2-686b-433c-b6fb-12d2f359f1fd,34
2025-12-17,de7cdbcb-579e-410b-a760-24bc39b38da0,13
2025-12-17,f8a1abfc-21ea-4af9-b259-15e15effe3f5,99
2025-12-17,fdb15293-1b9b-4ca3-851a-b8039c363f95,68
2025-12-17,36f2be10-0e48-44ff-9638-0dc4b31e52e8,104
2025-12-17,94283eb1-1637-4e38-9cc7-4d6ea1c33ea7,72
2025-12-17,778f5d64-20d9-46c9-ac6b-78127b8a18a6,54
2025-12-17,03d1d1c6-d015-412d-b885-0a3d53e5aba1,616
2025-12-18,f3811631-3343-45b1-b01c-8fcf4b63df6f,52
2025-12-18,aa453f97-467d-46d0-8a9b-862716b6758f,30
2025-12-18,404fbbae-9030-4ae2-83f7-4c372611308a,23
2025-12-18,ef94ba9d-5e5f-400f-9dab-a1990cc66009,330
2025-12-18,5ae263a0-a0de-4865-984b-8f31093273a3,245
2025-12-18,cd48df7f-84b6-427f-8d13-50ba131a4408,106
2025-12-18,da1b3af3-60c8-42f8-9e44-ff16d31c005e,9
2025-12-18,de94f72b-ef10-44ca-8039-4de1c00ed98e,383
2025-12-18,6fa64707-db5f-4f0f-9a20-1215a31c3290,117
2025-12-18,b4c15d05-bbb5-48b2-baab-b768b69c9af4,55
2025-12-18,bf6804bd-0f80-4f00-a4d9-ff7d6d181685,73
2025-12-18,8e34005a-aae1-42c3-bd31-a44d9fc1f6d6,157
2025-12-18,63143f6b-dba6-4849-b7fa-fd40b1006177,171
2025-12-18,86141946-3529-45d0-be22-fad94e49cffc,214
2025-12-18,cf72d969-48aa-432b-8ea6-a1092a5d739f,31
2025-12-18,61ace082-5bf0-4f51-91e6-4b42485905fb,161
2025-12-18,66b49cb5-9af2-4dd0-8603-27b32517a23e,490
2025-12-18,a3ef1949-579e-4904-b56d-94d5ef3f52f9,27
2025-12-18,f87abd85-9f75-43d3-b942-cd1ace8d82df,476
2025-12-18,95a18ada-4bd1-4d2d-87d2-eeea84357ae9,32
2025-12-18,6fd18858-df49-4dac-bdfe-4cdaa313c8b8,248
2025-12-18,c5a22f97-a170-4eab-94ef-d20088c05646,30
2025-12-18,57c642f9-0546-4f54-92ce-51e3ab1f4ffd,269
2025-12-18,6e1629d9-dccd-40f6-ac1c-7a15d7cc4a42,76
2025-12-18,c91ceb0b-bcb9-413d-aec7-12977299c128,492
2025-12-18,5feef123-1d15-4bf7-9d44-ae57ba3cb8d2,46
2025-12-18,c9c80692-34c5-466a-b280-f3e36aba9e0e,173
2025-12-19,14916d83-2ab0-4da4-987f-82c151e90bdc,96
2025-12-19,f676dbac-a8de-4c4c-bce7-7b9c3029c99b,73
2025-12-19,c3380f15-533f-4ead-ad89-ab854764664f,221
2025-12-19,de94f72b-ef10-44ca-8039-4de1c00ed98e,340
2025-12-19,f87abd85-9f75-43d3-b942-cd1ace8d82df,280
2025-12-19,0a142a36-c6fc-4135-a6ee-4d91835fae32,415
2025-12-19,61ace082-5bf0-4f51-91e6-4b42485905fb,330
2025-12-19,83746f38-fe1c-458c-aa48-d27c72ae4b4f,51
2025-12-19,76496209-9117-46e3-a43e-a7331e91c8cf,52
2025-12-19,cc703e15-a93c-423c-a368-1ed17f5bca2c,192
2025-12-19,f8a1abfc-21ea-4af9-b259-15e15effe3f5,158
2025-12-19,b74ba8d3-80c8-4730-8643-4c6820d0d7c6,23
2025-12-20,2377c2cd-6cbf-4269-ba06-ba1978ee4c7f,33
2025-12-20,35c06479-7b7c-4445-a7c2-67c7bcb4a2ce,46
2025-12-20,e70fe5b9-2e25-40d0-8d8b-95496cd98d0a,253
2025-12-20,75eea4f5-3c4c-48ee-bcc2-a02ca1aa0707,89
2025-12-20,56506681-9ac4-441f-9c2e-6e99df2841ec,78
2025-12-20,cf72d969-48aa-432b-8ea6-a1092a5d739f,67
2025-12-20,10c97f5a-d9dd-4b5b-bc22-84206756e57f,132
2025-12-20,778f5d64-20d9-46c9-ac6b-78127b8a18a6,27
2025-12-20,ad252533-6734-4e2a-9bb5-0625c602e357,10
2025-12-20,1ef46aa7-7ec8-4fd0-bdd3-f54d763dc528,59
2025-12-20,71a0e3d8-007b-431f-abe9-00610dec6234,28
2025-12-20,86141946-3529-45d0-be22-fad94e49cffc,85
2025-12-20,bde33c87-35f6-42ac-9e37-b31b0529a8d4,379
2025-12-20,27119f21-4ec9-47df-809f-cab68bbeb105,393
2025-12-20,02fdcd0f-70a0-4ee4-ab03-bea802a616a7,71
2025-12-20,6e1629d9-dccd-40f6-ac1c-7a15d7cc4a42,138
2025-12-20,f9e12bbe-ad03-495f-9e96-3eaf76051a5c,129
2025-12-20,86141946-3529-45d0-be22-fad94e49cffc,115
2025-12-20,6d959996-8c2b-4f67-97ab-fd007177628c,3
2025-12-20,534165af-2d84-4e06-b704-49fdbf0a9d28,69
2025-12-20,d3621581-3b1e-4f3c-b88e-16a771b6fd51,386
2025-12-20,b5b07eba-a649-4f76-a48f-fcfed53d3f00,51
2025-12-20,bd8ecf4e-4016-4cc1-9015-30ef7492ee7d,7
2025-12-20,eceabf31-0905-40b6-ae43-e5b0872e4c09,121
2025-12-20,d950c181-da46-4628-9726-ac2b31fe2de7,446
2025-12-20,32a07c13-aec4-4e15-823b-ebd2913af9c0,65
2025-12-20,398a415a-fdb0-40ba-be8e-66a1a5814e6d,170
2025-12-20,3420a80f-fd95-4a33-9bf0-c65aaaafd6cc,426
2025-12-20,785b4772-99ad-4619-8dbf-385d5611e78e,299
2025-12-20,86f7963d-1572-469d-8490-5b0a8917dd7d,247
2025-12-20,d93d39bd-624c-4341-a782-9ef64bc324d1,135
2025-12-20,f81f5b5b-d5bd-411f-bccb-fe6870671862,304
2025-12-20,76496209-9117-46e3-a43e-a7331e91c8cf,64
2025-12-20,66b49cb5-9af2-4dd0-8603-27b32517a23e,582
2025-12-20,83746f38-fe1c-458c-aa48-d27c72ae4b4f,249
2025-12-20,f5c9e395-2684-4dfa-a6f9-d625dd6a0ccc,305
2025-12-20,1affea36-1fba-40b8-b983-cdd3252ec255,62
2025-12-20,e2834a5e-d6e4-47e5-b624-6fb44b71170d,68
2025-12-20,cd181a41-f978-4b5b-8884-a51ac578daeb,105
2025-12-20,13fc9961-14c1-4d40-9826-11fa03861989,711
2025-12-20,a8a42c97-703e-4bc2-9384-2a45a78a943b,290
2025-12-20,b1968ac2-686b-433c-b6fb-12d2f359f1fd,107
2025-12-21,778f5d64-20d9-46c9-ac6b-78127b8a18a6,34
2025-12-21,1ef46aa7-7ec8-4fd0-bdd3-f54d763dc528,145
2025-12-21,03d1d1c6-d015-412d-b885-0a3d53e5aba1,125
2025-12-21,ad252533-6734-4e2a-9bb5-0625c602e357,26
2025-12-21,71a0e3d8-007b-431f-abe9-00610dec6234,112
2025-12-21,141bb373-2003-44a2-97d4-2497d9f1b353,17
2025-12-21,94283eb1-1637-4e38-9cc7-4d6ea1c33ea7,328
2025-12-21,36f2be10-0e48-44ff-9638-0dc4b31e52e8,29
2025-12-21,e68e609d-4a46-49d5-9d1f-178b6ac661b5,215
2025-12-21,d29aa157-a13e-49b2-acbd-0751817a413a,116
2025-12-21,cd48df7f-84b6-427f-8d13-50ba131a4408,145
2025-12-21,757b5fbb-eff2-43df-9a03-a50b30281162,498
2025-12-21,46f568ad-071f-45d3-b203-6a6787abff45,157
2025-12-22,500b5b48-7fa0-4f5b-b016-07a3478b49d1,62
2025-12-22,404fbbae-9030-4ae2-83f7-4c372611308a,49
2025-12-22,be72ee8c-bb1d-4015-a030-58d0e97847b8,80
2025-12-22,cd48df7f-84b6-427f-8d13-50ba131a4408,257
2025-12-22,01bca73b-8319-4754-9676-21a744f0a632,24
2025-12-22,c5a22f97-a170-4eab-94ef-d20088c05646,26
2025-12-22,1affea36-1fba-40b8-b983-cdd3252ec255,119
2025-12-22,19f6addb-88f1-4b8a-bc19-abeb6202db19,383
2025-12-22,5ae263a0-a0de-4865-984b-8f31093273a3,70
2025-12-22,cd181a41-f978-4b5b-8884-a51ac578daeb,138
2025-12-22,36f2be10-0e48-44ff-9638-0dc4b31e52e8,16
2025-12-22,f81f44b3-6d11-4099-8724-be967cef680e,115
2025-12-22,66b49cb5-9af2-4dd0-8603-27b32517a23e,149
2025-12-22,18cb106c-9908-4d00-a75f-8f3a484f7566,379
2025-12-22,f92bd031-c396-4704-8ae1-9c3ccf18d4c1,16
2025-12-22,55735a3f-3f95-42f5-8d27-8db91bbac592,265
2025-12-22,46f568ad-071f-45d3-b203-6a6787abff45,174
2025-12-22,135da2c0-7f30-4692-a5e6-8a910355c8a3,619
2025-12-22,8d577a11-cd30-49ec-b147-0204c9933520,112
2025-12-22,990bd9fc-6d53-4d01-98e7-767c2181c68f,76
2025-12-22,964a7b53-d151-48ed-9ff2-f97bfe1fc39a,441
2025-12-22,d3621581-3b1e-4f3c-b88e-16a771b6fd51,85
2025-12-22,f9e12bbe-ad03-495f-9e96-3eaf76051a5c,128
2025-12-22,7ef1ac2a-43e2-438a-b041-ea93cc788698,110
2025-12-22,75eea4f5-3c4c-48ee-bcc2-a02ca1aa0707,108
2025-12-22,0578efd6-4fe9-4815-b5eb-df9c15366b2d,132
2025-12-23,e62cb075-1f77-48dc-b1a5-da48603d5373,326
2025-12-23,123e3ea5-9992-4fa2-a63a-69d4a5c20d5d,49
2025-12-23,c2d69628-134e-4917-88a9-ea7fa1787d6d,34
2025-12-23,3b41cd5a-fd32-487e-9682-214f2860f78c,192
2025-12-23,9d3ce992-9687-4a1f-877f-8713f55d70dc,170
2025-12-23,b641c7b8-ef58-45c3-ab89-6bc3204ec89e,54
2025-12-23,9d026919-e757-4793-91da-f1693e924ef8,120
2025-12-23,ad252533-6734-4e2a-9bb5-0625c602e357,3
2025-12-23,778f5d64-20d9-46c9-ac6b-78127b8a18a6,44
2025-12-23,3802c5dd-f943-4702-86f2-eb7c7d3f0693,111
2025-12-23,71a0e3d8-007b-431f-abe9-00610dec6234,109
2025-12-23,1ef46aa7-7ec8-4fd0-bdd3-f54d763dc528,132
2025-12-23,93ddf8de-1896-42d9-b428-1d2581d76d44,33
2025-12-23,22dfb9bc-c3ae-4650-bad1-88adad33eada,115
2025-12-23,d6a1db4a-a8cc-4416-a870-32f2890bce5e,274
2025-12-23,990bd9fc-6d53-4d01-98e7-767c2181c68f,112
2025-12-24,17a0ddd8-81e9-463f-8e82-7166faa583d7,176
2025-12-24,07ac2356-0f30-4114-9a6c-dc7543f0e44e,657
2025-12-24,ae6755f4-0a84-45c9-8038-68bc9aa2e54d,525
2025-12-24,e70fe5b9-2e25-40d0-8d8b-95496cd98d0a,146
2025-12-24,c53f0023-f635-44ad-a767-65c3d470725c,122
2025-12-24,964a7b53-d151-48ed-9ff2-f97bfe1fc39a,243
2025-12-24,8b8aa78a-338e-4d42-8bdc-6c80f56b1310,218
2025-12-24,9592efa6-7150-4fd4-9590-4d34231d13f3,14
2025-12-24,d3621581-3b1e-4f3c-b88e-16a771b6fd51,634
2025-12-24,9605a25f-c7ea-46d9-b1c5-e066ca259375,138
2025-12-24,8aa31ace-d03e-4d5e-8605-51c8a30ec2a6,452
2025-12-24,02e64c63-8d6e-416d-ad15-26d3201b1718,51
2025-12-24,95a18ada-4bd1-4d2d-87d2-eeea84357ae9,93
2025-12-24,6fd18858-df49-4dac-bdfe-4cdaa313c8b8,167
2025-12-24,443830d6-2116-457e-a59e-07929a7e581c,28
2025-12-24,a45e1522-4444-4ccb-863f-d322b657540b,117
2025-12-24,2bf02a5c-4dc0-4047-8d11-e69af5694fe1,99
2025-12-24,757b5fbb-eff2-43df-9a03-a50b30281162,216
2025-12-24,9d3ce992-9687-4a1f-877f-8713f55d70dc,501
2025-12-24,55735a3f-3f95-42f5-8d27-8db91bbac592,101
2025-12-24,f3ad8ef1-53d9-47a4-bf28-98bf4c503a2a,193
2025-12-24,d3621581-3b1e-4f3c-b88e-16a771b6fd51,85
2025-12-24,9592efa6-7150-4fd4-9590-4d34231d13f3,14
2025-12-24,6d959996-8c2b-4f67-97ab-fd007177628c,4
2025-12-24,0a142a36-c6fc-4135-a6ee-4d91835fae32,570
2025-12-24,6fd18858-df49-4dac-bdfe-4cdaa313c8b8,315
2025-12-24,f87abd85-9f75-43d3-b942-cd1ace8d82df,452
2025-12-24,bf6804bd-0f80-4f00-a4d9-ff7d6d181685,237
2025-12-24,c027e883-a7e5-4a45-8917-7c47839ddbb8,863
2025-12-24,500b5b48-7fa0-4f5b-b016-07a3478b49d1,111
2025-12-24,8e783dc6-4f6d-4d76-8b14-4581da2942a5,37
2025-12-25,95a18ada-4bd1-4d2d-87d2-eeea84357ae9,86
2025-12-25,b1968ac2-686b-433c-b6fb-12d2f359f1fd,82
2025-12-25,df1decca-4744-45d6-bac8-18b79254aa45,72
2025-12-25,df209978-c391-44ad-8492-9386ea6cdfb4,7
2025-12-25,86f7963d-1572-469d-8490-5b0a8917dd7d,133
2025-12-25,534165af-2d84-4e06-b704-49fdbf0a9d28,69
2025-12-25,22dfb9bc-c3ae-4650-bad1-88adad33eada,78
2025-12-25,93ddf8de-1896-42d9-b428-1d2581d76d44,44
2025-12-25,9605a25f-c7ea-46d9-b1c5-e066ca259375,216
2025-12-25,22dfb9bc-c3ae-4650-bad1-88adad33eada,486
2025-12-25,964a7b53-d151-48ed-9ff2-f97bfe1fc39a,499
2025-12-25,64179c96-81dd-4512-84b9-0e5ac72476d1,75
2025-12-25,f3ad8ef1-53d9-47a4-bf28-98bf4c503a2a,252
2025-12-25,a3ef1949-579e-4904-b56d-94d5ef3f52f9,30
2025-12-25,7d64b5d9-889a-4a53-8f5a-a59bcc8cbf57,30
2025-12-25,32a07c13-aec4-4e15-823b-ebd2913af9c0,149
2025-12-25,bf6804bd-0f80-4f00-a4d9-ff7d6d181685,98
2025-12-25,74ab7751-16ee-44ac-be72-a3db064005ab,473
2025-12-25,19f6addb-88f1-4b8a-bc19-abeb6202db19,118
2025-12-25,cbb46431-2527-437e-9634-16b58be0b920,42
2025-12-25,e2710b9e-522c-454d-9fdf-85a0d62d3635,485
2025-12-25,135da2c0-7f30-4692-a5e6-8a910355c8a3,300
2025-12-25,46f568ad-071f-45d3-b203-6a6787abff45,357
2025-12-25,757b5fbb-eff2-43df-9a03-a50b30281162,97
2025-12-25,9d3ce992-9687-4a1f-877f-8713f55d70dc,237
2025-12-25,9d026919-e757-4793-91da-f1693e924ef8,164
2025-12-25,18cb106c-9908-4d00-a75f-8f3a484f7566,84
2025-12-25,aa0d17d0-88c8-42a8-9337-1fd0b0adeb51,238
2025-12-25,8b8aa78a-338e-4d42-8bdc-6c80f56b1310,32
2025-12-25,f9e12bbe-ad03-495f-9e96-3eaf76051a5c,139
2025-12-26,57c642f9-0546-4f54-92ce-51e3ab1f4ffd,64
2025-12-26,38fec701-24e7-4143-b0f9-78e5f0954153,95
2025-12-26,c027e883-a7e5-4a45-8917-7c47839ddbb8,251
2025-12-26,eceabf31-0905-40b6-ae43-e5b0872e4c09,122
2025-12-26,de94f72b-ef10-44ca-8039-4de1c00ed98e,143
2025-12-26,e6c7a179-2257-4723-874e-6954c0bc34c3,20
2025-12-26,cd48df7f-84b6-427f-8d13-50ba131a4408,156
2025-12-26,01bca73b-8319-4754-9676-21a744f0a632,104
2025-12-26,c027e883-a7e5-4a45-8917-7c47839ddbb8,290
2025-12-26,be72ee8c-bb1d-4015-a030-58d0e97847b8,174
2025-12-26,e6c7a179-2257-4723-874e-6954c0bc34c3,102
2025-12-26,f8a1abfc-21ea-4af9-b259-15e15effe3f5,299
2025-12-26,01bca73b-8319-4754-9676-21a744f0a632,57
2025-12-26,778f5d64-20d9-46c9-ac6b-78127b8a18a6,134
2025-12-26,03d1d1c6-d015-412d-b885-0a3d53e5aba1,211
2025-12-26,71a0e3d8-007b-431f-abe9-00610dec6234,29
2025-12-26,1ef46aa7-7ec8-4fd0-bdd3-f54d763dc528,274
2025-12-26,35c06479-7b7c-4445-a7c2-67c7bcb4a2ce,43
2025-12-26,8dc6d9a0-e2c5-4e96-83b4-29242b570a05,65
2025-12-26,1affea36-1fba-40b8-b983-cdd3252ec255,67
2025-12-26,6d4a276e-ea46-4f46-9523-a4696e2401f4,52
2025-12-26,f5c9e395-2684-4dfa-a6f9-d625dd6a0ccc,104
2025-12-26,19f6addb-88f1-4b8a-bc19-abeb6202db19,231
2025-12-26,74ab7751-16ee-44ac-be72-a3db064005ab,384
2025-12-26,2bf02a5c-4dc0-4047-8d11-e69af5694fe1,99
2025-12-26,99a7d335-ad92-4e5b-835a-61d8c69ba4f0,141
2025-12-27,ad252533-6734-4e2a-9bb5-0625c602e357,8
2025-12-27,22e69462-372c-4f00-aa95-d2bceb6df30d,247
2025-12-27,8d577a11-cd30-49ec-b147-0204c9933520,117
2025-12-27,aa0d17d0-88c8-42a8-9337-1fd0b0adeb51,333
2025-12-27,22dfb9bc-c3ae-4650-bad1-88adad33eada,127
2025-12-27,fb4731ad-aa5f-42b7-a66c-5e6c627afb51,44
2025-12-27,648dc2dc-e803-461c-bc73-8a902bc03bf7,25
2025-12-27,1affea36-1fba-40b8-b983-cdd3252ec255,47
2025-12-27,f5c9e395-2684-4dfa-a6f9-d625dd6a0ccc,39
2025-12-27,cc703e15-a93c-423c-a368-1ed17f5bca2c,304
2025-12-27,f81f44b3-6d11-4099-8724-be967cef680e,173
2025-12-27,b71941cd-cef0-4be8-9103-a0fe3079bf69,520
2025-12-28,9d3ce992-9687-4a1f-877f-8713f55d70dc,165
2025-12-28,9d026919-e757-4793-91da-f1693e924ef8,531
2025-12-28,99a7d335-ad92-4e5b-835a-61d8c69ba4f0,235
2025-12-28,b5b07eba-a649-4f76-a48f-fcfed53d3f00,181
2025-12-28,e09612d4-61e8-4b06-9c0c-2aa6bf99a368,58
2025-12-28,206a78bf-c617-41dc-a059-db62641d56fb,90
2025-12-28,8e34005a-aae1-42c3-bd31-a44d9fc1f6d6,87
2025-12-28,0a142a36-c6fc-4135-a6ee-4d91835fae32,355
2025-12-28,ba8c9037-f5ad-4fc7-b6de-13d4b7827f39,161
2025-12-28,8aa31ace-d03e-4d5e-8605-51c8a30ec2a6,50
2025-12-28,d6a1db4a-a8cc-4416-a870-32f2890bce5e,630
2025-12-28,8b8aa78a-338e-4d42-8bdc-6c80f56b1310,92
2025-12-28,964a7b53-d151-48ed-9ff2-f97bfe1fc39a,81
2025-12-28,f4a090a0-05ac-4d44-9637-7a41a632a0b1,157
2025-12-28,a5778b60-522c-453e-8db0-8b525b6c521b,104
2025-12-28,252ce64a-c388-4d83-a996-dffe7b70b39d,99
2025-12-28,1b56ceb0-5f94-442e-838b-0b577b8ecd09,263
2025-12-28,c2d69628-134e-4917-88a9-ea7fa1787d6d,140
2025-12-28,df1decca-4744-45d6-bac8-18b79254aa45,85
2025-12-28,919732f7-70f8-4671-a8fb-da97278e9655,92
2025-12-29,ad252533-6734-4e2a-9bb5-0625c602e357,3
2025-12-29,778f5d64-20d9-46c9-ac6b-78127b8a18a6,171
2025-12-29,c5a22f97-a170-4eab-94ef-d20088c05646,7
2025-12-29,01bca73b-8319-4754-9676-21a744f0a632,177
2025-12-29,81a8d0f2-a3bc-48dd-b60f-7d1ee3bb61de,63
2025-12-29,404fbbae-9030-4ae2-83f7-4c372611308a,26
2025-12-29,ef94ba9d-5e5f-400f-9dab-a1990cc66009,54
2025-12-29,e09612d4-61e8-4b06-9c0c-2aa6bf99a368,48
2025-12-29,2bf02a5c-4dc0-4047-8d11-e69af5694fe1,227
2025-12-29,f92bd031-c396-4704-8ae1-9c3ccf18d4c1,6
2025-12-29,500b5b48-7fa0-4f5b-b016-07a3478b49d1,100
2025-12-29,f6acdadb-07ab-4398-8584-b95839b247d9,25
2025-12-29,648dc2dc-e803-461c-bc73-8a902bc03bf7,96
2025-12-29,949d0b72-ce6e-459b-89dd-b0f710043b58,82
2025-12-29,206a78bf-c617-41dc-a059-db62641d56fb,135
2025-12-29,c3380f15-533f-4ead-ad89-ab854764664f,348
2025-12-29,648dc2dc-e803-461c-bc73-8a902bc03bf7,33
2025-12-29,919732f7-70f8-4671-a8fb-da97278e9655,39
2025-12-29,f81f5b5b-d5bd-411f-bccb-fe6870671862,204
2025-12-29,639b6b77-33b1-44cd-87bc-c04598303533,61
2025-12-29,f6acdadb-07ab-4398-8584-b95839b247d9,25
2025-12-29,01bca73b-8319-4754-9676-21a744f0a632,76
2025-12-29,c5a22f97-a170-4eab-94ef-d20088c05646,22
2025-12-29,404fbbae-9030-4ae2-83f7-4c372611308a,106
2025-12-29,81a8d0f2-a3bc-48dd-b60f-7d1ee3bb61de,76
2025-12-29,f8a1abfc-21ea-4af9-b259-15e15effe3f5,220
2025-12-29,eceabf31-0905-40b6-ae43-e5b0872e4c09,205
2025-12-29,c9c80692-34c5-466a-b280-f3e36aba9e0e,55
2025-12-29,27119f21-4ec9-47df-809f-cab68bbeb105,333
2025-12-29,6e1629d9-dccd-40f6-ac1c-7a15d7cc4a42,57
2025-12-29,eceabf31-0905-40b6-ae43-e5b0872e4c09,30
2025-12-29,2d94fbae-79c5-4d8d-a360-b78771b35d5c,117
2025-12-29,8e783dc6-4f6d-4d76-8b14-4581da2942a5,27
2025-12-29,c027e883-a7e5-4a45-8917-7c47839ddbb8,97
2025-12-29,b641c7b8-ef58-45c3-ab89-6bc3204ec89e,293
2025-12-29,dc26827d-c335-4278-888f-f942ac76b5fc,5
2025-12-29,9d026919-e757-4793-91da-f1693e924ef8,114
2025-12-29,374227e6-7515-4c7d-800f-873a417da598,19
2025-12-30,e796efe1-37ba-40b8-82e3-30cc2b0bfe6b,182
2025-12-30,919732f7-70f8-4671-a8fb-da97278e9655,40
2025-12-30,4df48154-703c-4882-988d-115a81788920,378
2025-12-30,112eeeec-d240-48f0-adca-10d2c033ebe8,588
2025-12-30,a63d425d-e140-4889-9b04-e817e75e6e88,92
2025-12-30,d3272d23-12fb-4b9e-bb56-9aa3b17230c2,177
2025-12-30,949d0b72-ce6e-459b-89dd-b0f710043b58,171
2025-12-30,5ec20ed9-51f2-4b36-ace4-1c00b0af731f,186
2025-12-30,a63d425d-e140-4889-9b04-e817e75e6e88,92
2025-12-30,3802c5dd-f943-4702-86f2-eb7c7d3f0693,70
2025-12-30,1ef46aa7-7ec8-4fd0-bdd3-f54d763dc528,121
2025-12-30,03d1d1c6-d015-412d-b885-0a3d53e5aba1,129
2025-12-30,404fbbae-9030-4ae2-83f7-4c372611308a,17
2025-12-30,aa453f97-467d-46d0-8a9b-862716b6758f,29
2025-12-30,11e9f5d8-2684-4052-b618-3da2513dd0f5,13
2025-12-30,46f568ad-071f-45d3-b203-6a6787abff45,97
2025-12-30,b5b07eba-a649-4f76-a48f-fcfed53d3f00,60
2025-12-30,f92bd031-c396-4704-8ae1-9c3ccf18d4c1,7
2025-12-30,e09612d4-61e8-4b06-9c0c-2aa6bf99a368,60
2025-12-30,374227e6-7515-4c7d-800f-873a417da598,28
2025-12-30,66b49cb5-9af2-4dd0-8603-27b32517a23e,303
2025-12-30,b71941cd-cef0-4be8-9103-a0fe3079bf69,327
2025-12-30,61ace082-5bf0-4f51-91e6-4b42485905fb,206
2025-12-30,f81f44b3-6d11-4099-8724-be967cef680e,104
2025-12-30,17a0ddd8-81e9-463f-8e82-7166faa583d7,39
2025-12-30,4191b6b0-e937-4db3-9727-a31104f59109,4
2025-12-30,e70fe5b9-2e25-40d0-8d8b-95496cd98d0a,176
2025-12-30,2377c2cd-6cbf-4269-ba06-ba1978ee4c7f,23
2025-12-30,04d12044-98c0-4912-8061-a4448009bf4f,137
2025-12-31,b54c07e7-168e-4c31-b066-a414f996725d,15
2025-12-31,75eea4f5-3c4c-48ee-bcc2-a02ca1aa0707,81
2025-12-31,7ef1ac2a-43e2-438a-b041-ea93cc788698,42
2025-12-31,0578efd6-4fe9-4815-b5eb-df9c15366b2d,115
2025-12-31,63143f6b-dba6-4849-b7fa-fd40b1006177,304
2025-12-31,eceabf31-0905-40b6-ae43-e5b0872e4c09,62
2025-12-31,85454bab-7690-4e7c-87ad-9fe4034ffa50,72
2025-12-31,df209978-c391-44ad-8492-9386ea6cdfb4,23
2025-12-31,d83fdf93-3f8a-4715-b832-0879fd96f16a,8
2025-12-31,3420a80f-fd95-4a33-9bf0-c65aaaafd6cc,356
2025-12-31,fe00416c-6bd0-4e79-9df2-0278bd29e32f,22
2025-12-31,5feef123-1d15-4bf7-9d44-ae57ba3cb8d2,259
2025-12-31,aeaf8d41-9786-4b2c-bf29-cbec4b344889,263
2025-12-31,27119f21-4ec9-47df-809f-cab68bbeb105,573
2025-12-31,f4825542-8457-4acd-b64d-44564f86b788,148
2025-12-31,78e11325-844e-447e-9540-66236cf32bef,137
2025-12-31,ad252533-6734-4e2a-9bb5-0625c602e357,10
2025-12-31,75eea4f5-3c4c-48ee-bcc2-a02ca1aa0707,139
2025-12-31,0578efd6-4fe9-4815-b5eb-df9c15366b2d,220
2025-12-31,b54c07e7-168e-4c31-b066-a414f996725d,10
2025-12-31,56506681-9ac4-441f-9c2e-6e99df2841ec,224
2025-12-31,7ef1ac2a-43e2-438a-b041-ea93cc788698,24
2025-12-31,f81f44b3-6d11-4099-8724-be967cef680e,179
2025-12-31,76496209-9117-46e3-a43e-a7331e91c8cf,248
2025-12-31,cc703e15-a93c-423c-a368-1ed17f5bca2c,158
2025-12-31,66b49cb5-9af2-4dd0-8603-27b32517a23e,188
2025-12-31,b71941cd-cef0-4be8-9103-a0fe3079bf69,237
2025-12-31,e796efe1-37ba-40b8-82e3-30cc2b0bfe6b,37
2025-12-31,84fd3309-4e12-49eb-943d-6b888040eec9,593
2025-12-31,18cb106c-9908-4d00-a75f-8f3a484f7566,84
2025-12-31,2bf02a5c-4dc0-4047-8d11-e69af5694fe1,153
2025-12-31,46f568ad-071f-45d3-b203-6a6787abff45,134
2025-12-31,03d1d1c6-d015-412d-b885-0a3d53e5aba1,181
2025-12-31,3802c5dd-f943-4702-86f2-eb7c7d3f0693,24
2025-12-31,778f5d64-20d9-46c9-ac6b-78127b8a18a6,84
2025-12-31,71a0e3d8-007b-431f-abe9-00610dec6234,190
2025-12-31,ad252533-6734-4e2a-9bb5-0625c602e357,6
2026-01-01,bd8ecf4e-4016-4cc1-9015-30ef7492ee7d,10
2026-01-01,07ac2356-0f30-4114-9a6c-dc7543f0e44e,139
2026-01-01,f9e39ee3-31b7-44ed-8c71-87c2b0704fa7,418
2026-01-01,74ab7751-16ee-44ac-be72-a3db064005ab,70
2026-01-01,fdb15293-1b9b-4ca3-851a-b8039c363f95,318
2026-01-01,10c97f5a-d9dd-4b5b-bc22-84206756e57f,75
2026-01-01,e2710b9e-522c-454d-9fdf-85a0d62d3635,88
2026-01-01,1b56ceb0-5f94-442e-838b-0b577b8ecd09,136
2026-01-01,a5778b60-522c-453e-8db0-8b525b6c521b,329
2026-01-01,bf4ab8f3-74f9-4210-acb8-60e4f9e8c03b,214
2026-01-01,252ce64a-c388-4d83-a996-dffe7b70b39d,57
2026-01-01,aa0d17d0-88c8-42a8-9337-1fd0b0adeb51,263
2026-01-01,8b8aa78a-338e-4d42-8bdc-6c80f56b1310,57
2026-01-01,534165af-2d84-4e06-b704-49fdbf0a9d28,154
2026-01-01,9592efa6-7150-4fd4-9590-4d34231d13f3,9
2026-01-01,cf72d969-48aa-432b-8ea6-a1092a5d739f,210
2026-01-01,86141946-3529-45d0-be22-fad94e49cffc,90
2026-01-01,b54c07e7-168e-4c31-b066-a414f996725d,17
2026-01-01,63143f6b-dba6-4849-b7fa-fd40b1006177,198
2026-01-01,cc703e15-a93c-423c-a368-1ed17f5bca2c,144
2026-01-01,f81f44b3-6d11-4099-8724-be967cef680e,82
2026-01-01,61ace082-5bf0-4f51-91e6-4b42485905fb,208
2026-01-01,b71941cd-cef0-4be8-9103-a0fe3079bf69,120
2026-01-01,83746f38-fe1c-458c-aa48-d27c72ae4b4f,310
2026-01-01,01bca73b-8319-4754-9676-21a744f0a632,127
2026-01-01,f8a1abfc-21ea-4af9-b259-15e15effe3f5,171
2026-01-01,11e9f5d8-2684-4052-b618-3da2513dd0f5,19
2026-01-01,66b49cb5-9af2-4dd0-8603-27b32517a23e,380
2026-01-01,76496209-9117-46e3-a43e-a7331e91c8cf,91
2026-01-01,8aa31ace-d03e-4d5e-8605-51c8a30ec2a6,46
2026-01-01,bf6804bd-0f80-4f00-a4d9-ff7d6d181685,307
2026-01-01,32a07c13-aec4-4e15-823b-ebd2913af9c0,102
2026-01-01,6fa64707-db5f-4f0f-9a20-1215a31c3290,164
2026-01-01,b74ba8d3-80c8-4730-8643-4c6820d0d7c6,29
2026-01-01,01bca73b-8319-4754-9676-21a744f0a632,24
2026-01-01,e6c7a179-2257-4723-874e-6954c0bc34c3,23
2026-01-01,c5a22f97-a170-4eab-94ef-d20088c05646,6
2026-01-01,679cfcde-72ee-4ccf-b8cc-0dffc1e054e0,350
2026-01-01,57c642f9-0546-4f54-92ce-51e3ab1f4ffd,107
2026-01-01,f4825542-8457-4acd-b64d-44564f86b788,927
2026-01-01,ab2da2b7-3e30-4795-9cfa-eeab736149ab,88
2026-01-02,9592efa6-7150-4fd4-9590-4d34231d13f3,5
2026-01-02,534165af-2d84-4e06-b704-49fdbf0a9d28,95
2026-01-02,22e69462-372c-4f00-aa95-d2bceb6df30d,440
2026-01-02,d3621581-3b1e-4f3c-b88e-16a771b6fd51,198
2026-01-02,df1decca-4744-45d6-bac8-18b79254aa45,79
2026-01-02,13fc9961-14c1-4d40-9826-11fa03861989,88
2026-01-02,141bb373-2003-44a2-97d4-2497d9f1b353,62
2026-01-02,19f6addb-88f1-4b8a-bc19-abeb6202db19,389
2026-01-02,9d026919-e757-4793-91da-f1693e924ef8,176
2026-01-02,8ce3e51b-aa19-43e6-84e9-520fc55a154b,86
2026-01-02,8dc6d9a0-e2c5-4e96-83b4-29242b570a05,31
2026-01-02,f9e12bbe-ad03-495f-9e96-3eaf76051a5c,604
2026-01-02,8d577a11-cd30-49ec-b147-0204c9933520,211
2026-01-02,9592efa6-7150-4fd4-9590-4d34231d13f3,5
2026-01-02,22e69462-372c-4f00-aa95-d2bceb6df30d,585
2026-01-02,fb4731ad-aa5f-42b7-a66c-5e6c627afb51,37
2026-01-02,93ddf8de-1896-42d9-b428-1d2581d76d44,116
2026-01-02,9592efa6-7150-4fd4-9590-4d34231d13f3,5
2026-01-02,3acfef8b-4f6c-4973-b939-5b907594e727,72
2026-01-02,e8dcbc25-4974-4865-a9a6-67f06fd9d66a,100
2026-01-02,cf72d969-48aa-432b-8ea6-a1092a5d739f,155
2026-01-02,56506681-9ac4-441f-9c2e-6e99df2841ec,173
2026-01-03,aeaf8d41-9786-4b2c-bf29-cbec4b344889,278
2026-01-03,6e1629d9-dccd-40f6-ac1c-7a15d7cc4a42,160
2026-01-03,57c642f9-0546-4f54-92ce-51e3ab1f4ffd,58
2026-01-03,14916d83-2ab0-4da4-987f-82c151e90bdc,43
2026-01-03,919732f7-70f8-4671-a8fb-da97278e9655,163
2026-01-03,1570de8f-5233-4dad-a014-c57c7d2b30cd,218
2026-01-03,5ec20ed9-51f2-4b36-ace4-1c00b0af731f,132
2026-01-03,cbb46431-2527-437e-9634-16b58be0b920,224
2026-01-03,10c97f5a-d9dd-4b5b-bc22-84206756e57f,349
2026-01-03,19f6addb-88f1-4b8a-bc19-abeb6202db19,358
2026-01-03,fdb15293-1b9b-4ca3-851a-b8039c363f95,346
2026-01-03,cd181a41-f978-4b5b-8884-a51ac578daeb,129
2026-01-03,71a0e3d8-007b-431f-abe9-00610dec6234,58
2026-01-03,1ef46aa7-7ec8-4fd0-bdd3-f54d763dc528,54
2026-01-03,3802c5dd-f943-4702-86f2-eb7c7d3f0693,71
2026-01-03,778f5d64-20d9-46c9-ac6b-78127b8a18a6,51
2026-01-03,778f5d64-20d9-46c9-ac6b-78127b8a18a6,96
2026-01-03,71a0e3d8-007b-431f-abe9-00610dec6234,71
2026-01-03,66b49cb5-9af2-4dd0-8603-27b32517a23e,163
2026-01-03,83746f38-fe1c-458c-aa48-d27c72ae4b4f,57
2026-01-03,76496209-9117-46e3-a43e-a7331e91c8cf,121
2026-01-03,03d1d1c6-d015-412d-b885-0a3d53e5aba1,516
2026-01-03,ad252533-6734-4e2a-9bb5-0625c602e357,4
2026-01-03,3802c5dd-f943-4702-86f2-eb7c7d3f0693,161
2026-01-03,778f5d64-20d9-46c9-ac6b-78127b8a18a6,45
2026-01-03,cd181a41-f978-4b5b-8884-a51ac578daeb,167
2026-01-03,1affea36-1fba-40b8-b983-cdd3252ec255,158
2026-01-03,5ae263a0-a0de-4865-984b-8f31093273a3,65
2026-01-03,19f6addb-88f1-4b8a-bc19-abeb6202db19,375
2026-01-03,e2834a5e-d6e4-47e5-b624-6fb44b71170d,91
2026-01-04,5ae263a0-a0de-4865-984b-8f31093273a3,125
2026-01-04,36f2be10-0e48-44ff-9638-0dc4b31e52e8,56
2026-01-04,cd181a41-f978-4b5b-8884-a51ac578daeb,342
2026-01-04,e2834a5e-d6e4-47e5-b624-6fb44b71170d,51
2026-01-04,c94f25f5-1a66-455b-809a-3169e6eddd38,149
2026-01-04,27119f21-4ec9-47df-809f-cab68bbeb105,388
2026-01-04,ae4c36c1-f8a7-4ae0-bab9-badf6098ccc3,30
2026-01-04,6e1629d9-dccd-40f6-ac1c-7a15d7cc4a42,20
2026-01-04,07133c2e-2543-463e-8191-cd6bb8f7287e,178
2026-01-04,d950c181-da46-4628-9726-ac2b31fe2de7,128
2026-01-04,95a18ada-4bd1-4d2d-87d2-eeea84357ae9,196
2026-01-04,f87abd85-9f75-43d3-b942-cd1ace8d82df,267
2026-01-04,a3ef1949-579e-4904-b56d-94d5ef3f52f9,61
2026-01-04,534165af-2d84-4e06-b704-49fdbf0a9d28,90
2026-01-04,990bd9fc-6d53-4d01-98e7-767c2181c68f,171
2026-01-04,64179c96-81dd-4512-84b9-0e5ac72476d1,51
2026-01-04,9592efa6-7150-4fd4-9590-4d34231d13f3,5
2026-01-04,fb4731ad-aa5f-42b7-a66c-5e6c627afb51,36
2026-01-04,4c60e7ea-8fbe-48cc-9a88-55a3b47fdf0f,320
2026-01-04,45568dad-1858-4617-a71c-de9f6573cc88,2
2026-01-04,c91ceb0b-bcb9-413d-aec7-12977299c128,102
2026-01-04,d8bbeef7-d11a-4562-8350-82028b8e8c1d,53
2026-01-04,aeaf8d41-9786-4b2c-bf29-cbec4b344889,91
2026-01-04,5a535be5-c64e-42d5-b75d-310ba6017940,137
2026-01-04,9e3ce1c2-94e9-4bd1-8eca-8ef9d70e7ae3,28
2026-01-05,404fbbae-9030-4ae2-83f7-4c372611308a,126
2026-01-05,81a8d0f2-a3bc-48dd-b60f-7d1ee3bb61de,195
2026-01-05,be72ee8c-bb1d-4015-a030-58d0e97847b8,169
2026-01-05,f3811631-3343-45b1-b01c-8fcf4b63df6f,48
2026-01-05,e6c7a179-2257-4723-874e-6954c0bc34c3,44
2026-01-05,6d4a276e-ea46-4f46-9523-a4696e2401f4,374
2026-01-05,23a81ae8-9bed-4b1e-9b4d-e31dbdf3d8b4,19
2026-01-05,81a8d0f2-a3bc-48dd-b60f-7d1ee3bb61de,110
2026-01-05,990bd9fc-6d53-4d01-98e7-767c2181c68f,50
2026-01-05,778f5d64-20d9-46c9-ac6b-78127b8a18a6,95
2026-01-05,71a0e3d8-007b-431f-abe9-00610dec6234,123
2026-01-05,1ef46aa7-7ec8-4fd0-bdd3-f54d763dc528,86
2026-01-05,03d1d1c6-d015-412d-b885-0a3d53e5aba1,64
2026-01-05,f3ad8ef1-53d9-47a4-bf28-98bf4c503a2a,70
2026-01-05,8b8aa78a-338e-4d42-8bdc-6c80f56b1310,74
2026-01-05,8d577a11-cd30-49ec-b147-0204c9933520,248
2026-01-06,4191b6b0-e937-4db3-9727-a31104f59109,6
2026-01-06,bd8ecf4e-4016-4cc1-9015-30ef7492ee7d,16
2026-01-06,8ce3e51b-aa19-43e6-84e9-520fc55a154b,225
2026-01-06,404fbbae-9030-4ae2-83f7-4c372611308a,23
2026-01-06,e68e609d-4a46-49d5-9d1f-178b6ac661b5,451
2026-01-06,252ce64a-c388-4d83-a996-dffe7b70b39d,79
2026-01-06,34cefd16-c9fc-4f5a-b21c-06e30d9f92ba,181
2026-01-06,4c60e7ea-8fbe-48cc-9a88-55a3b47fdf0f,309
2026-01-06,47f738a2-2464-4820-a74e-15afa67bd937,113
2026-01-06,c3380f15-533f-4ead-ad89-ab854764664f,258
2026-01-06,f87abd85-9f75-43d3-b942-cd1ace8d82df,317
2026-01-06,6fd18858-df49-4dac-bdfe-4cdaa313c8b8,375
2026-01-06,cd48df7f-84b6-427f-8d13-50ba131a4408,240
2026-01-06,04d12044-98c0-4912-8061-a4448009bf4f,338
2026-01-06,07ac2356-0f30-4114-9a6c-dc7543f0e44e,210
2026-01-06,8ce3e51b-aa19-43e6-84e9-520fc55a154b,121
2026-01-07,a39dcecc-003b-4169-b8e2-9414f8e93564,40
2026-01-07,f616bdc7-2657-48bb-b11c-755bd213dc54,90
2026-01-07,fe119095-3186-4216-8779-e7f45b181d68,73
2026-01-07,df1decca-4744-45d6-bac8-18b79254aa45,412
2026-01-07,86f7963d-1572-469d-8490-5b0a8917dd7d,82
2026-01-07,b71941cd-cef0-4be8-9103-a0fe3079bf69,224
2026-01-07,66b49cb5-9af2-4dd0-8603-27b32517a23e,107
2026-01-07,cc703e15-a93c-423c-a368-1ed17f5bca2c,343
2026-01-07,ad252533-6734-4e2a-9bb5-0625c602e357,9
2026-01-07,778f5d64-20d9-46c9-ac6b-78127b8a18a6,36
2026-01-07,71a0e3d8-007b-431f-abe9-00610dec6234,28
2026-01-07,f3811631-3343-45b1-b01c-8fcf4b63df6f,24
2026-01-07,01bca73b-8319-4754-9676-21a744f0a632,35
2026-01-07,81a8d0f2-a3bc-48dd-b60f-7d1ee3bb61de,45
2026-01-07,23a81ae8-9bed-4b1e-9b4d-e31dbdf3d8b4,18
2026-01-07,de7cdbcb-579e-410b-a760-24bc39b38da0,68
2026-01-07,84fd3309-4e12-49eb-943d-6b888040eec9,132
2026-01-07,76496209-9117-46e3-a43e-a7331e91c8cf,200
2026-01-07,b71941cd-cef0-4be8-9103-a0fe3079bf69,316
2026-01-07,f81f44b3-6d11-4099-8724-be967cef680e,252
2026-01-07,c5a22f97-a170-4eab-94ef-d20088c05646,9
2026-01-07,81a8d0f2-a3bc-48dd-b60f-7d1ee3bb61de,67
2026-01-07,91196896-69b7-4438-9c66-d66c13521cf8,60
2026-01-07,0a142a36-c6fc-4135-a6ee-4d91835fae32,85
2026-01-07,de94f72b-ef10-44ca-8039-4de1c00ed98e,261
2026-01-07,efa35228-7ac9-47a8-8587-6f26024c9799,449
2026-01-08,2cf388bb-63b5-4c4a-a049-f4a59c911664,54
2026-01-08,86573017-2b63-41a3-8ff2-9b2e95a0acae,67
2026-01-08,8dc6d9a0-e2c5-4e96-83b4-29242b570a05,42
2026-01-08,8ce3e51b-aa19-43e6-84e9-520fc55a154b,83
2026-01-08,35c06479-7b7c-4445-a7c2-67c7bcb4a2ce,47
2026-01-08,b71941cd-cef0-4be8-9103-a0fe3079bf69,276
2026-01-08,76496209-9117-46e3-a43e-a7331e91c8cf,209
2026-01-08,66b49cb5-9af2-4dd0-8603-27b32517a23e,176
2026-01-08,61ace082-5bf0-4f51-91e6-4b42485905fb,549
2026-01-08,83746f38-fe1c-458c-aa48-d27c72ae4b4f,291
2026-01-08,778f5d64-20d9-46c9-ac6b-78127b8a18a6,166
2026-01-08,03d1d1c6-d015-412d-b885-0a3d53e5aba1,148
2026-01-08,71a0e3d8-007b-431f-abe9-00610dec6234,43
2026-01-08,1ef46aa7-7ec8-4fd0-bdd3-f54d763dc528,186
2026-01-08,3802c5dd-f943-4702-86f2-eb7c7d3f0693,38
2026-01-08,cc703e15-a93c-423c-a368-1ed17f5bca2c,239
2026-01-08,66b49cb5-9af2-4dd0-8603-27b32517a23e,120
2026-01-08,61ace082-5bf0-4f51-91e6-4b42485905fb,138
2026-01-08,b71941cd-cef0-4be8-9103-a0fe3079bf69,531
2026-01-08,be72ee8c-bb1d-4015-a030-58d0e97847b8,136
2026-01-08,23a81ae8-9bed-4b1e-9b4d-e31dbdf3d8b4,25
2026-01-08,da1b3af3-60c8-42f8-9e44-ff16d31c005e,17
2026-01-08,81a8d0f2-a3bc-48dd-b60f-7d1ee3bb61de,51
2026-01-09,9605a25f-c7ea-46d9-b1c5-e066ca259375,218
2026-01-09,64179c96-81dd-4512-84b9-0e5ac72476d1,33
2026-01-09,9592efa6-7150-4fd4-9590-4d34231d13f3,4
2026-01-09,1ef46aa7-7ec8-4fd0-bdd3-f54d763dc528,67
2026-01-09,bf4ab8f3-74f9-4210-acb8-60e4f9e8c03b,235
2026-01-09,252ce64a-c388-4d83-a996-dffe7b70b39d,396
2026-01-09,d29aa157-a13e-49b2-acbd-0751817a413a,178
2026-01-09,1b56ceb0-5f94-442e-838b-0b577b8ecd09,91
2026-01-09,d950c181-da46-4628-9726-ac2b31fe2de7,829
2026-01-09,8e783dc6-4f6d-4d76-8b14-4581da2942a5,45
2026-01-09,323c5b1e-a605-45fe-b16f-0c1d2ecbac18,221
2026-01-09,eceabf31-0905-40b6-ae43-e5b0872e4c09,240
2026-01-09,9605a25f-c7ea-46d9-b1c5-e066ca259375,229
2026-01-09,22dfb9bc-c3ae-4650-bad1-88adad33eada,78
2026-01-09,6d959996-8c2b-4f67-97ab-fd007177628c,15
2026-01-10,83746f38-fe1c-458c-aa48-d27c72ae4b4f,227
2026-01-10,76496209-9117-46e3-a43e-a7331e91c8cf,121
2026-01-10,66b49cb5-9af2-4dd0-8603-27b32517a23e,178
2026-01-10,18cb106c-9908-4d00-a75f-8f3a484f7566,214
2026-01-10,99a7d335-ad92-4e5b-835a-61d8c69ba4f0,207
2026-01-10,b5b07eba-a649-4f76-a48f-fcfed53d3f00,295
2026-01-11,2bf02a5c-4dc0-4047-8d11-e69af5694fe1,273
2026-01-11,55735a3f-3f95-42f5-8d27-8db91bbac592,162
2026-01-11,61ace082-5bf0-4f51-91e6-4b42485905fb,186
2026-01-11,f81f44b3-6d11-4099-8724-be967cef680e,47
2026-01-11,cc703e15-a93c-423c-a368-1ed17f5bca2c,124
2026-01-11,76496209-9117-46e3-a43e-a7331e91c8cf,91
2026-01-11,66b49cb5-9af2-4dd0-8603-27b32517a23e,163
2026-01-11,76496209-9117-46e3-a43e-a7331e91c8cf,208
2026-01-11,b71941cd-cef0-4be8-9103-a0fe3079bf69,296
2026-01-11,3420a80f-fd95-4a33-9bf0-c65aaaafd6cc,157
2026-01-11,3acfef8b-4f6c-4973-b939-5b907594e727,263
2026-01-11,e990b715-8df9-4fa9-8423-62898b9c4dcf,279
2026-01-11,1da86d07-48dc-479d-8d08-b6e45f65b698,202
2026-01-11,cc703e15-a93c-423c-a368-1ed17f5bca2c,92
2026-01-11,f81f44b3-6d11-4099-8724-be967cef680e,71
2026-01-11,b71941cd-cef0-4be8-9103-a0fe3079bf69,269
2026-01-11,19f6addb-88f1-4b8a-bc19-abeb6202db19,317
2026-01-11,f9e39ee3-31b7-44ed-8c71-87c2b0704fa7,137
2026-01-11,141bb373-2003-44a2-97d4-2497d9f1b353,31
2026-01-11,eceabf31-0905-40b6-ae43-e5b0872e4c09,197
2026-01-11,67ce978f-aa73-4c6d-ac4b-2fb98eac2690,125
2026-01-11,2d94fbae-79c5-4d8d-a360-b78771b35d5c,196
2026-01-11,d950c181-da46-4628-9726-ac2b31fe2de7,84
2026-01-11,8e783dc6-4f6d-4d76-8b14-4581da2942a5,31
2026-01-12,9e3ce1c2-94e9-4bd1-8eca-8ef9d70e7ae3,27
2026-01-12,78e11325-844e-447e-9540-66236cf32bef,46
2026-01-12,d8bbeef7-d11a-4562-8350-82028b8e8c1d,39
2026-01-12,e6c7a179-2257-4723-874e-6954c0bc34c3,44
2026-01-12,be72ee8c-bb1d-4015-a030-58d0e97847b8,173
2026-01-12,81a8d0f2-a3bc-48dd-b60f-7d1ee3bb61de,158
2026-01-12,ef94ba9d-5e5f-400f-9dab-a1990cc66009,325
2026-01-12,141bb373-2003-44a2-97d4-2497d9f1b353,44
2026-01-12,fdb15293-1b9b-4ca3-851a-b8039c363f95,95
2026-01-12,36f2be10-0e48-44ff-9638-0dc4b31e52e8,17
2026-01-12,8b8aa78a-338e-4d42-8bdc-6c80f56b1310,280
2026-01-12,f3ad8ef1-53d9-47a4-bf28-98bf4c503a2a,203
2026-01-12,e70fe5b9-2e25-40d0-8d8b-95496cd98d0a,219
2026-01-12,35c06479-7b7c-4445-a7c2-67c7bcb4a2ce,19
2026-01-12,443830d6-2116-457e-a59e-07929a7e581c,161
2026-01-12,4191b6b0-e937-4db3-9727-a31104f59109,1
2026-01-12,76496209-9117-46e3-a43e-a7331e91c8cf,140
2026-01-12,61ace082-5bf0-4f51-91e6-4b42485905fb,104
2026-01-12,66b49cb5-9af2-4dd0-8603-27b32517a23e,168
2026-01-12,0a142a36-c6fc-4135-a6ee-4d91835fae32,537
2026-01-12,efa35228-7ac9-47a8-8587-6f26024c9799,77
2026-01-12,9605a25f-c7ea-46d9-b1c5-e066ca259375,259
2026-01-12,e68e609d-4a46-49d5-9d1f-178b6ac661b5,398
2026-01-12,bf4ab8f3-74f9-4210-acb8-60e4f9e8c03b,132
2026-01-12,a5778b60-522c-453e-8db0-8b525b6c521b,211
2026-01-13,b641c7b8-ef58-45c3-ab89-6bc3204ec89e,103
2026-01-13,e09612d4-61e8-4b06-9c0c-2aa6bf99a368,20
2026-01-13,9d3ce992-9687-4a1f-877f-8713f55d70dc,337
2026-01-13,e70fe5b9-2e25-40d0-8d8b-95496cd98d0a,279
2026-01-13,8ce3e51b-aa19-43e6-84e9-520fc55a154b,272
2026-01-13,60bbfd54-deb8-4820-bda2-7d5f23c5ac71,133
2026-01-13,443830d6-2116-457e-a59e-07929a7e581c,179
2026-01-13,17a0ddd8-81e9-463f-8e82-7166faa583d7,96
2026-01-13,b71941cd-cef0-4be8-9103-a0fe3079bf69,330
2026-01-13,f81f44b3-6d11-4099-8724-be967cef680e,84
2026-01-13,3802c5dd-f943-4702-86f2-eb7c7d3f0693,30
2026-01-13,1ef46aa7-7ec8-4fd0-bdd3-f54d763dc528,202
2026-01-13,04d12044-98c0-4912-8061-a4448009bf4f,350
2026-01-13,782ff122-c203-45cd-b076-7ed6c79050a2,100
2026-01-13,c53f0023-f635-44ad-a767-65c3d470725c,510
2026-01-13,2cf388bb-63b5-4c4a-a049-f4a59c911664,109
2026-01-13,22dfb9bc-c3ae-4650-bad1-88adad33eada,196
2026-01-13,d3621581-3b1e-4f3c-b88e-16a771b6fd51,417
2026-01-13,5a535be5-c64e-42d5-b75d-310ba6017940,24
2026-01-13,ab2da2b7-3e30-4795-9cfa-eeab736149ab,36
2026-01-13,d567fe1a-6879-4bb2-a016-31db234bcc20,20
2026-01-13,22e69462-372c-4f00-aa95-d2bceb6df30d,280
2026-01-13,d6a1db4a-a8cc-4416-a870-32f2890bce5e,102
2026-01-13,990bd9fc-6d53-4d01-98e7-767c2181c68f,27
2026-01-13,8b8aa78a-338e-4d42-8bdc-6c80f56b1310,64
2026-01-13,9592efa6-7150-4fd4-9590-4d34231d13f3,2
2026-01-13,7359c823-539c-4f1b-88c3-4687fa01efa9,33
2026-01-13,1764cc81-19d5-423f-b717-8003bc410d4a,80
2026-01-13,e8dcbc25-4974-4865-a9a6-67f06fd9d66a,355
2026-01-13,3b41cd5a-fd32-487e-9682-214f2860f78c,82
2026-01-13,2bf02a5c-4dc0-4047-8d11-e69af5694fe1,352
2026-01-13,b5b07eba-a649-4f76-a48f-fcfed53d3f00,51
2026-01-13,135da2c0-7f30-4692-a5e6-8a910355c8a3,96
2026-01-13,47f738a2-2464-4820-a74e-15afa67bd937,155
2026-01-13,45568dad-1858-4617-a71c-de9f6573cc88,2
2026-01-13,e68e609d-4a46-49d5-9d1f-178b6ac661b5,661
2026-01-13,70e70c34-ae14-4604-acc5-51015e2f82b3,77
2026-01-13,a6fcde18-1e70-4a84-b37b-23a6de607ef1,50
2026-01-13,ade58c4e-4aeb-4646-9b7e-7c295f4c456f,64
2026-01-13,7b747786-8c10-44f4-be88-9229187d7f8d,248
2026-01-13,ee7d5d3f-2ceb-4ce6-b5ed-21bc75705297,304
2026-01-13,a63d425d-e140-4889-9b04-e817e75e6e88,224
2026-01-13,1570de8f-5233-4dad-a014-c57c7d2b30cd,135
2026-01-13,cd181a41-f978-4b5b-8884-a51ac578daeb,234
2026-01-13,e70fe5b9-2e25-40d0-8d8b-95496cd98d0a,502
2026-01-13,4191b6b0-e937-4db3-9727-a31104f59109,1
2026-01-13,8dc6d9a0-e2c5-4e96-83b4-29242b570a05,44
2026-01-14,443830d6-2116-457e-a59e-07929a7e581c,28
2026-01-14,4191b6b0-e937-4db3-9727-a31104f59109,4
2026-01-14,86573017-2b63-41a3-8ff2-9b2e95a0acae,76
2026-01-14,17a0ddd8-81e9-463f-8e82-7166faa583d7,23
2026-01-14,fb4731ad-aa5f-42b7-a66c-5e6c627afb51,13
2026-01-14,9605a25f-c7ea-46d9-b1c5-e066ca259375,165
2026-01-14,964a7b53-d151-48ed-9ff2-f97bfe1fc39a,253
2026-01-14,3802c5dd-f943-4702-86f2-eb7c7d3f0693,42
2026-01-14,71a0e3d8-007b-431f-abe9-00610dec6234,42
2026-01-14,1ef46aa7-7ec8-4fd0-bdd3-f54d763dc528,159
2026-01-14,03d1d1c6-d015-412d-b885-0a3d53e5aba1,159
2026-01-14,778f5d64-20d9-46c9-ac6b-78127b8a18a6,34
2026-01-14,ef94ba9d-5e5f-400f-9dab-a1990cc66009,48
2026-01-14,23a81ae8-9bed-4b1e-9b4d-e31dbdf3d8b4,33
2026-01-14,d950c181-da46-4628-9726-ac2b31fe2de7,212
2026-01-14,bd8ecf4e-4016-4cc1-9015-30ef7492ee7d,27
2026-01-14,ae6755f4-0a84-45c9-8038-68bc9aa2e54d,351
2026-01-14,60bbfd54-deb8-4820-bda2-7d5f23c5ac71,125
2026-01-14,2cf388bb-63b5-4c4a-a049-f4a59c911664,270
2026-01-14,35c06479-7b7c-4445-a7c2-67c7bcb4a2ce,30
2026-01-14,e09612d4-61e8-4b06-9c0c-2aa6bf99a368,38
2026-01-14,efa35228-7ac9-47a8-8587-6f26024c9799,375
2026-01-14,91196896-69b7-4438-9c66-d66c13521cf8,114
2026-01-14,02e64c63-8d6e-416d-ad15-26d3201b1718,27
2026-01-14,32a07c13-aec4-4e15-823b-ebd2913af9c0,206
2026-01-14,a39dcecc-003b-4169-b8e2-9414f8e93564,115
2026-01-14,3acfef8b-4f6c-4973-b939-5b907594e727,58
2026-01-14,a146d90e-da6e-41e6-891e-e6451709d812,148
2026-01-14,56506681-9ac4-441f-9c2e-6e99df2841ec,94
2026-01-14,7ef1ac2a-43e2-438a-b041-ea93cc788698,50
2026-01-14,75eea4f5-3c4c-48ee-bcc2-a02ca1aa0707,293
2026-01-14,8b8aa78a-338e-4d42-8bdc-6c80f56b1310,32
2026-01-14,1570de8f-5233-4dad-a014-c57c7d2b30cd,37
2026-01-14,5ec20ed9-51f2-4b36-ace4-1c00b0af731f,595
2026-01-14,404fbbae-9030-4ae2-83f7-4c372611308a,100
2026-01-14,da1b3af3-60c8-42f8-9e44-ff16d31c005e,27
2026-01-14,e6c7a179-2257-4723-874e-6954c0bc34c3,43
2026-01-14,01bca73b-8319-4754-9676-21a744f0a632,70
2026-01-14,47f738a2-2464-4820-a74e-15afa67bd937,148
2026-01-14,e68e609d-4a46-49d5-9d1f-178b6ac661b5,585
2026-01-14,a366258a-bc11-4ab8-a77f-7b709ef9535e,320
2026-01-14,f4a090a0-05ac-4d44-9637-7a41a632a0b1,232
2026-01-14,bf4ab8f3-74f9-4210-acb8-60e4f9e8c03b,94
2026-01-14,d6a1db4a-a8cc-4416-a870-32f2890bce5e,314
2026-01-14,aa0d17d0-88c8-42a8-9337-1fd0b0adeb51,323
2026-01-14,6d959996-8c2b-4f67-97ab-fd007177628c,12
2026-01-14,f92bd031-c396-4704-8ae1-9c3ccf18d4c1,28
2026-01-14,dc26827d-c335-4278-888f-f942ac76b5fc,6
2026-01-14,02fdcd0f-70a0-4ee4-ab03-bea802a616a7,287
2026-01-14,14916d83-2ab0-4da4-987f-82c151e90bdc,43
2026-01-14,9e3ce1c2-94e9-4bd1-8eca-8ef9d70e7ae3,33
2026-01-15,7d64b5d9-889a-4a53-8f5a-a59bcc8cbf57,77
2026-01-15,c3380f15-533f-4ead-ad89-ab854764664f,74
2026-01-15,f676dbac-a8de-4c4c-bce7-7b9c3029c99b,305
2026-01-15,c94f25f5-1a66-455b-809a-3169e6eddd38,267
2026-01-15,5feef123-1d15-4bf7-9d44-ae57ba3cb8d2,73
2026-01-15,27119f21-4ec9-47df-809f-cab68bbeb105,96
2026-01-15,55735a3f-3f95-42f5-8d27-8db91bbac592,121
2026-01-15,e09612d4-61e8-4b06-9c0c-2aa6bf99a368,16
2026-01-15,374227e6-7515-4c7d-800f-873a417da598,17
2026-01-15,b641c7b8-ef58-45c3-ab89-6bc3204ec89e,336
2026-01-15,d567fe1a-6879-4bb2-a016-31db234bcc20,24
2026-01-15,5feef123-1d15-4bf7-9d44-ae57ba3cb8d2,277
2026-01-15,ab2da2b7-3e30-4795-9cfa-eeab736149ab,31
2026-01-15,57c642f9-0546-4f54-92ce-51e3ab1f4ffd,137
2026-01-15,c9c80692-34c5-466a-b280-f3e36aba9e0e,115
2026-01-15,10c97f5a-d9dd-4b5b-bc22-84206756e57f,248
2026-01-15,f9e39ee3-31b7-44ed-8c71-87c2b0704fa7,307
2026-01-15,141bb373-2003-44a2-97d4-2497d9f1b353,90
2026-01-15,e2710b9e-522c-454d-9fdf-85a0d62d3635,88
2026-01-15,cd181a41-f978-4b5b-8884-a51ac578daeb,170
2026-01-15,0a142a36-c6fc-4135-a6ee-4d91835fae32,85
2026-01-15,02e64c63-8d6e-416d-ad15-26d3201b1718,42
2026-01-15,206a78bf-c617-41dc-a059-db62641d56fb,422
2026-01-15,6fa64707-db5f-4f0f-9a20-1215a31c3290,150
2026-01-16,df209978-c391-44ad-8492-9386ea6cdfb4,12
2026-01-16,70e70c34-ae14-4604-acc5-51015e2f82b3,209
2026-01-16,3b41cd5a-fd32-487e-9682-214f2860f78c,353
2026-01-16,d83fdf93-3f8a-4715-b832-0879fd96f16a,16
2026-01-16,36f2be10-0e48-44ff-9638-0dc4b31e52e8,16
2026-01-16,1affea36-1fba-40b8-b983-cdd3252ec255,174
2026-01-16,0c1d3680-6b2b-4706-96d2-6fdbdd058c20,400
2026-01-17,c53f0023-f635-44ad-a767-65c3d470725c,379
2026-01-17,443830d6-2116-457e-a59e-07929a7e581c,58
2026-01-17,782ff122-c203-45cd-b076-7ed6c79050a2,136
2026-01-17,86573017-2b63-41a3-8ff2-9b2e95a0acae,112
2026-01-17,04d12044-98c0-4912-8061-a4448009bf4f,70
2026-01-17,67ce978f-aa73-4c6d-ac4b-2fb98eac2690,118
2026-01-17,07133c2e-2543-463e-8191-cd6bb8f7287e,139
2026-01-17,2d94fbae-79c5-4d8d-a360-b78771b35d5c,154
2026-01-17,c027e883-a7e5-4a45-8917-7c47839ddbb8,211
2026-01-17,2d94fbae-79c5-4d8d-a360-b78771b35d5c,52
2026-01-17,7b747786-8c10-44f4-be88-9229187d7f8d,60
2026-01-17,943c1dc8-f23a-4ea3-9181-4bdd3187cdaf,103
2026-01-17,a63d425d-e140-4889-9b04-e817e75e6e88,483
2026-01-17,e70fe5b9-2e25-40d0-8d8b-95496cd98d0a,216
2026-01-17,443830d6-2116-457e-a59e-07929a7e581c,78
2026-01-17,04d12044-98c0-4912-8061-a4448009bf4f,99
2026-01-17,d3621581-3b1e-4f3c-b88e-16a771b6fd51,248
2026-01-17,fb4731ad-aa5f-42b7-a66c-5e6c627afb51,71
2026-01-18,67ce978f-aa73-4c6d-ac4b-2fb98eac2690,81
2026-01-18,c027e883-a7e5-4a45-8917-7c47839ddbb8,170
2026-01-18,b74ba8d3-80c8-4730-8643-4c6820d0d7c6,35
2026-01-18,f8a1abfc-21ea-4af9-b259-15e15effe3f5,276
2026-01-18,404fbbae-9030-4ae2-83f7-4c372611308a,24
2026-01-18,01bca73b-8319-4754-9676-21a744f0a632,174
2026-01-18,e68e609d-4a46-49d5-9d1f-178b6ac661b5,731
2026-01-18,60bbfd54-deb8-4820-bda2-7d5f23c5ac71,349
2026-01-18,2377c2cd-6cbf-4269-ba06-ba1978ee4c7f,57
2026-01-18,8dc6d9a0-e2c5-4e96-83b4-29242b570a05,37
2026-01-18,7ef1ac2a-43e2-438a-b041-ea93cc788698,35
2026-01-18,56506681-9ac4-441f-9c2e-6e99df2841ec,61
2026-01-18,b54c07e7-168e-4c31-b066-a414f996725d,12
2026-01-18,cf72d969-48aa-432b-8ea6-a1092a5d739f,98
2026-01-18,86141946-3529-45d0-be22-fad94e49cffc,155
2026-01-18,1b56ceb0-5f94-442e-838b-0b577b8ecd09,120
2026-01-18,d29aa157-a13e-49b2-acbd-0751817a413a,52
2026-01-18,252ce64a-c388-4d83-a996-dffe7b70b39d,57
2026-01-18,bf4ab8f3-74f9-4210-acb8-60e4f9e8c03b,75
2026-01-18,a5778b60-522c-453e-8db0-8b525b6c521b,104
2026-01-18,eceabf31-0905-40b6-ae43-e5b0872e4c09,150
2026-01-18,2d94fbae-79c5-4d8d-a360-b78771b35d5c,147
2026-01-18,d950c181-da46-4628-9726-ac2b31fe2de7,84
2026-01-18,9d026919-e757-4793-91da-f1693e924ef8,276
2026-01-18,55735a3f-3f95-42f5-8d27-8db91bbac592,138
2026-01-18,d950c181-da46-4628-9726-ac2b31fe2de7,298
2026-01-18,eceabf31-0905-40b6-ae43-e5b0872e4c09,44
2026-01-18,67ce978f-aa73-4c6d-ac4b-2fb98eac2690,257
2026-01-18,323c5b1e-a605-45fe-b16f-0c1d2ecbac18,211
2026-01-18,8e783dc6-4f6d-4d76-8b14-4581da2942a5,172
2026-01-18,74ab7751-16ee-44ac-be72-a3db064005ab,345
2026-01-18,fb4731ad-aa5f-42b7-a66c-5e6c627afb51,15
2026-01-18,6d959996-8c2b-4f67-97ab-fd007177628c,7
2026-01-18,8d577a11-cd30-49ec-b147-0204c9933520,74
2026-01-18,f9e12bbe-ad03-495f-9e96-3eaf76051a5c,82
2026-01-18,990bd9fc-6d53-4d01-98e7-767c2181c68f,120
2026-01-18,4c60e7ea-8fbe-48cc-9a88-55a3b47fdf0f,66
2026-01-18,3acfef8b-4f6c-4973-b939-5b907594e727,110
2026-01-18,7359c823-539c-4f1b-88c3-4687fa01efa9,38
2026-01-18,785b4772-99ad-4619-8dbf-385d5611e78e,419
2026-01-18,3420a80f-fd95-4a33-9bf0-c65aaaafd6cc,706
2026-01-19,f4a090a0-05ac-4d44-9637-7a41a632a0b1,135
2026-01-19,a366258a-bc11-4ab8-a77f-7b709ef9535e,95
2026-01-19,252ce64a-c388-4d83-a996-dffe7b70b39d,245
2026-01-19,18cb106c-9908-4d00-a75f-8f3a484f7566,107
2026-01-19,9d3ce992-9687-4a1f-877f-8713f55d70dc,467
2026-01-19,a45e1522-4444-4ccb-863f-d322b657540b,208
2026-01-19,a6fcde18-1e70-4a84-b37b-23a6de607ef1,41
2026-01-19,b1968ac2-686b-433c-b6fb-12d2f359f1fd,60
2026-01-19,ade58c4e-4aeb-4646-9b7e-7c295f4c456f,125
2026-01-19,45568dad-1858-4617-a71c-de9f6573cc88,12
2026-01-19,67ce978f-aa73-4c6d-ac4b-2fb98eac2690,41
2026-01-19,642d3481-4416-4fe2-af1e-87fb9e23a2de,41
2026-01-19,7b747786-8c10-44f4-be88-9229187d7f8d,205
2026-01-20,f81f44b3-6d11-4099-8724-be967cef680e,88
2026-01-20,83746f38-fe1c-458c-aa48-d27c72ae4b4f,234
2026-01-20,b71941cd-cef0-4be8-9103-a0fe3079bf69,481
2026-01-20,66b49cb5-9af2-4dd0-8603-27b32517a23e,325
2026-01-20,22dfb9bc-c3ae-4650-bad1-88adad33eada,126
2026-01-20,964a7b53-d151-48ed-9ff2-f97bfe1fc39a,355
2026-01-20,990bd9fc-6d53-4d01-98e7-767c2181c68f,130
2026-01-20,22e69462-372c-4f00-aa95-d2bceb6df30d,334
2026-01-20,534165af-2d84-4e06-b704-49fdbf0a9d28,29
2026-01-20,64179c96-81dd-4512-84b9-0e5ac72476d1,77
2026-01-20,eceabf31-0905-40b6-ae43-e5b0872e4c09,206
2026-01-20,c027e883-a7e5-4a45-8917-7c47839ddbb8,111
2026-01-20,964a7b53-d151-48ed-9ff2-f97bfe1fc39a,313
2026-01-20,61ace082-5bf0-4f51-91e6-4b42485905fb,503
2026-01-20,76496209-9117-46e3-a43e-a7331e91c8cf,245
2026-01-20,cc703e15-a93c-423c-a368-1ed17f5bca2c,92
2026-01-20,b71941cd-cef0-4be8-9103-a0fe3079bf69,612
2026-01-20,66b49cb5-9af2-4dd0-8603-27b32517a23e,78
2026-01-20,cc703e15-a93c-423c-a368-1ed17f5bca2c,258
2026-01-20,5ec20ed9-51f2-4b36-ace4-1c00b0af731f,273
2026-01-20,4df48154-703c-4882-988d-115a81788920,40
2026-01-20,112eeeec-d240-48f0-adca-10d2c033ebe8,94
2026-01-20,a39dcecc-003b-4169-b8e2-9414f8e93564,35
2026-01-20,e68e609d-4a46-49d5-9d1f-178b6ac661b5,85
2026-01-20,34cefd16-c9fc-4f5a-b21c-06e30d9f92ba,98
2026-01-20,47f738a2-2464-4820-a74e-15afa67bd937,362
2026-01-20,32a07c13-aec4-4e15-823b-ebd2913af9c0,86
2026-01-20,38ac85bb-bf5c-4bc7-ad5c-493d57ed4dae,79
2026-01-20,de94f72b-ef10-44ca-8039-4de1c00ed98e,583
2026-01-20,8e34005a-aae1-42c3-bd31-a44d9fc1f6d6,511
2026-01-20,f87abd85-9f75-43d3-b942-cd1ace8d82df,680
2026-01-21,06a9fcf8-9895-4dac-835d-6538afb50488,155
2026-01-21,a366258a-bc11-4ab8-a77f-7b709ef9535e,220
2026-01-21,bf4ab8f3-74f9-4210-acb8-60e4f9e8c03b,445
2026-01-21,47f738a2-2464-4820-a74e-15afa67bd937,71
2026-01-21,d29aa157-a13e-49b2-acbd-0751817a413a,205
2026-01-21,c5a22f97-a170-4eab-94ef-d20088c05646,28
2026-01-21,e6c7a179-2257-4723-874e-6954c0bc34c3,42
2026-01-21,03d1d1c6-d015-412d-b885-0a3d53e5aba1,139
2026-01-21,3802c5dd-f943-4702-86f2-eb7c7d3f0693,113
2026-01-21,ef94ba9d-5e5f-400f-9dab-a1990cc66009,84
2026-01-21,2377c2cd-6cbf-4269-ba06-ba1978ee4c7f,45
2026-01-21,8ce3e51b-aa19-43e6-84e9-520fc55a154b,105
2026-01-21,ae6755f4-0a84-45c9-8038-68bc9aa2e54d,190
2026-01-21,86573017-2b63-41a3-8ff2-9b2e95a0acae,74
2026-01-21,642d3481-4416-4fe2-af1e-87fb9e23a2de,28
2026-01-21,70f1b94f-9910-4134-9f5b-2140284aaada,74
2026-01-21,919732f7-70f8-4671-a8fb-da97278e9655,61
2026-01-22,fdb15293-1b9b-4ca3-851a-b8039c363f95,296
2026-01-22,6d4a276e-ea46-4f46-9523-a4696e2401f4,147
2026-01-22,74ab7751-16ee-44ac-be72-a3db064005ab,70
2026-01-22,60bbfd54-deb8-4820-bda2-7d5f23c5ac71,104
2026-01-22,4191b6b0-e937-4db3-9727-a31104f59109,9
2026-01-22,e70fe5b9-2e25-40d0-8d8b-95496cd98d0a,374
2026-01-22,8dc6d9a0-e2c5-4e96-83b4-29242b570a05,79
2026-01-22,35c06479-7b7c-4445-a7c2-67c7bcb4a2ce,14
2026-01-22,f4a090a0-05ac-4d44-9637-7a41a632a0b1,376
2026-01-22,34cefd16-c9fc-4f5a-b21c-06e30d9f92ba,66
2026-01-22,4c60e7ea-8fbe-48cc-9a88-55a3b47fdf0f,435
2026-01-22,d29aa157-a13e-49b2-acbd-0751817a413a,160
2026-01-22,7b4c2ae1-fc6f-4d99-b917-b6c63ffbc633,249
2026-01-22,943c1dc8-f23a-4ea3-9181-4bdd3187cdaf,39
2026-01-22,cdb20350-f2fd-4d39-8966-1a0a9c8a6c02,638
2026-01-22,55735a3f-3f95-42f5-8d27-8db91bbac592,150
2026-01-22,2bf02a5c-4dc0-4047-8d11-e69af5694fe1,319
2026-01-22,8d577a11-cd30-49ec-b147-0204c9933520,132
2026-01-22,aa0d17d0-88c8-42a8-9337-1fd0b0adeb51,669
2026-01-22,964a7b53-d151-48ed-9ff2-f97bfe1fc39a,444
2026-01-22,8b8aa78a-338e-4d42-8bdc-6c80f56b1310,103
2026-01-22,f9e12bbe-ad03-495f-9e96-3eaf76051a5c,180
2026-01-22,5ec20ed9-51f2-4b36-ace4-1c00b0af731f,97
2026-01-22,34cefd16-c9fc-4f5a-b21c-06e30d9f92ba,245
2026-01-22,bf4ab8f3-74f9-4210-acb8-60e4f9e8c03b,75
2026-01-22,1b56ceb0-5f94-442e-838b-0b577b8ecd09,187
2026-01-22,06a9fcf8-9895-4dac-835d-6538afb50488,167
2026-01-23,7b747786-8c10-44f4-be88-9229187d7f8d,87
2026-01-23,943c1dc8-f23a-4ea3-9181-4bdd3187cdaf,24
2026-01-23,949d0b72-ce6e-459b-89dd-b0f710043b58,269
2026-01-23,4ef7b90d-cbaa-4851-b161-fa168a8b8c20,91
2026-01-23,38fec701-24e7-4143-b0f9-78e5f0954153,69
2026-01-23,78e11325-844e-447e-9540-66236cf32bef,123
2026-01-23,d567fe1a-6879-4bb2-a016-31db234bcc20,51
2026-01-23,45568dad-1858-4617-a71c-de9f6573cc88,3
2026-01-23,f9e39ee3-31b7-44ed-8c71-87c2b0704fa7,121
2026-01-23,10c97f5a-d9dd-4b5b-bc22-84206756e57f,289
2026-01-23,03d1d1c6-d015-412d-b885-0a3d53e5aba1,97
2026-01-23,1ef46aa7-7ec8-4fd0-bdd3-f54d763dc528,539
2026-01-23,3802c5dd-f943-4702-86f2-eb7c7d3f0693,179
2026-01-23,ad252533-6734-4e2a-9bb5-0625c602e357,6
2026-01-23,778f5d64-20d9-46c9-ac6b-78127b8a18a6,83
2026-01-23,18cb106c-9908-4d00-a75f-8f3a484f7566,103
2026-01-23,374227e6-7515-4c7d-800f-873a417da598,30
2026-01-23,a45e1522-4444-4ccb-863f-d322b657540b,503
2026-01-23,07ac2356-0f30-4114-9a6c-dc7543f0e44e,369
2026-01-23,ae6755f4-0a84-45c9-8038-68bc9aa2e54d,135
2026-01-23,8ce3e51b-aa19-43e6-84e9-520fc55a154b,62
2026-01-23,2377c2cd-6cbf-4269-ba06-ba1978ee4c7f,227
2026-01-23,04d12044-98c0-4912-8061-a4448009bf4f,250
2026-01-23,778f5d64-20d9-46c9-ac6b-78127b8a18a6,116
2026-01-23,3802c5dd-f943-4702-86f2-eb7c7d3f0693,51
2026-01-23,1ef46aa7-7ec8-4fd0-bdd3-f54d763dc528,271
2026-01-23,56506681-9ac4-441f-9c2e-6e99df2841ec,95
2026-01-23,0578efd6-4fe9-4815-b5eb-df9c15366b2d,105
2026-01-23,b54c07e7-168e-4c31-b066-a414f996725d,35
2026-01-23,cf72d969-48aa-432b-8ea6-a1092a5d739f,43
2026-01-23,75eea4f5-3c4c-48ee-bcc2-a02ca1aa0707,215
2026-01-23,a366258a-bc11-4ab8-a77f-7b709ef9535e,618
2026-01-24,03d1d1c6-d015-412d-b885-0a3d53e5aba1,285
2026-01-24,3802c5dd-f943-4702-86f2-eb7c7d3f0693,129
2026-01-24,1ef46aa7-7ec8-4fd0-bdd3-f54d763dc528,267
2026-01-24,71a0e3d8-007b-431f-abe9-00610dec6234,113
2026-01-24,778f5d64-20d9-46c9-ac6b-78127b8a18a6,151
2026-01-24,6d959996-8c2b-4f67-97ab-fd007177628c,15
2026-01-24,fb4731ad-aa5f-42b7-a66c-5e6c627afb51,35
2026-01-24,22dfb9bc-c3ae-4650-bad1-88adad33eada,78
2026-01-24,9605a25f-c7ea-46d9-b1c5-e066ca259375,334
2026-01-24,8dc6d9a0-e2c5-4e96-83b4-29242b570a05,57
2026-01-24,04d12044-98c0-4912-8061-a4448009bf4f,291
2026-01-24,8ce3e51b-aa19-43e6-84e9-520fc55a154b,228
2026-01-24,17a0ddd8-81e9-463f-8e82-7166faa583d7,67
2026-01-24,d950c181-da46-4628-9726-ac2b31fe2de7,106
2026-01-24,500b5b48-7fa0-4f5b-b016-07a3478b49d1,51
2026-01-24,eceabf31-0905-40b6-ae43-e5b0872e4c09,51
2026-01-24,67ce978f-aa73-4c6d-ac4b-2fb98eac2690,76
2026-01-24,8e783dc6-4f6d-4d76-8b14-4581da2942a5,128
2026-01-24,76496209-9117-46e3-a43e-a7331e91c8cf,231
2026-01-24,66b49cb5-9af2-4dd0-8603-27b32517a23e,231
2026-01-24,61ace082-5bf0-4f51-91e6-4b42485905fb,59
2026-01-24,83746f38-fe1c-458c-aa48-d27c72ae4b4f,170
2026-01-24,cc703e15-a93c-423c-a368-1ed17f5bca2c,206
2026-01-24,64179c96-81dd-4512-84b9-0e5ac72476d1,113
2026-01-24,aa0d17d0-88c8-42a8-9337-1fd0b0adeb51,249
2026-01-24,22dfb9bc-c3ae-4650-bad1-88adad33eada,109
2026-01-24,f3ad8ef1-53d9-47a4-bf28-98bf4c503a2a,451
2026-01-24,534165af-2d84-4e06-b704-49fdbf0a9d28,161
2026-01-24,778f5d64-20d9-46c9-ac6b-78127b8a18a6,141
2026-01-24,71a0e3d8-007b-431f-abe9-00610dec6234,37
2026-01-24,1ef46aa7-7ec8-4fd0-bdd3-f54d763dc528,98
2026-01-24,03d1d1c6-d015-412d-b885-0a3d53e5aba1,105
2026-01-24,ad252533-6734-4e2a-9bb5-0625c602e357,6
2026-01-24,74ab7751-16ee-44ac-be72-a3db064005ab,115
2026-01-24,6d4a276e-ea46-4f46-9523-a4696e2401f4,59
2026-01-24,e6c7a179-2257-4723-874e-6954c0bc34c3,70
2026-01-24,f3811631-3343-45b1-b01c-8fcf4b63df6f,30
2026-01-24,ef94ba9d-5e5f-400f-9dab-a1990cc66009,68
2026-01-24,45568dad-1858-4617-a71c-de9f6573cc88,6
2026-01-24,252ce64a-c388-4d83-a996-dffe7b70b39d,58
2026-01-24,1affea36-1fba-40b8-b983-cdd3252ec255,168
2026-01-24,74ab7751-16ee-44ac-be72-a3db064005ab,70
2026-01-24,5ae263a0-a0de-4865-984b-8f31093273a3,68
2026-01-24,cbb46431-2527-437e-9634-16b58be0b920,28
2026-01-24,fdb15293-1b9b-4ca3-851a-b8039c363f95,257
2026-01-24,c027e883-a7e5-4a45-8917-7c47839ddbb8,123
2026-01-24,500b5b48-7fa0-4f5b-b016-07a3478b49d1,83
2026-01-24,eceabf31-0905-40b6-ae43-e5b0872e4c09,33
2026-01-24,07133c2e-2543-463e-8191-cd6bb8f7287e,84
2026-01-24,2d94fbae-79c5-4d8d-a360-b78771b35d5c,46
2026-01-24,323fde40-0fde-4601-80d8-c21ee233090d,101
2026-01-24,32a07c13-aec4-4e15-823b-ebd2913af9c0,35
2026-01-24,6fa64707-db5f-4f0f-9a20-1215a31c3290,111
2026-01-24,de94f72b-ef10-44ca-8039-4de1c00ed98e,188
2026-01-24,a2bd5b08-abe8-4abb-ab71-ffedf51ebc63,169
2026-01-24,252ce64a-c388-4d83-a996-dffe7b70b39d,109
2026-01-24,bf4ab8f3-74f9-4210-acb8-60e4f9e8c03b,525
2026-01-24,112eeeec-d240-48f0-adca-10d2c033ebe8,176
2026-01-25,7b4c2ae1-fc6f-4d99-b917-b6c63ffbc633,113
2026-01-25,975ea67f-2c6c-46d0-b74c-a53dc7e42ea2,298
2026-01-25,4df48154-703c-4882-988d-115a81788920,254
2026-01-25,60bbfd54-deb8-4820-bda2-7d5f23c5ac71,85
2026-01-25,443830d6-2116-457e-a59e-07929a7e581c,280
2026-01-25,e70fe5b9-2e25-40d0-8d8b-95496cd98d0a,546
2026-01-25,8ce3e51b-aa19-43e6-84e9-520fc55a154b,448
2026-01-25,aeaf8d41-9786-4b2c-bf29-cbec4b344889,51
2026-01-25,02fdcd0f-70a0-4ee4-ab03-bea802a616a7,446
2026-01-25,5a535be5-c64e-42d5-b75d-310ba6017940,161
2026-01-25,9592efa6-7150-4fd4-9590-4d34231d13f3,5
2026-01-25,534165af-2d84-4e06-b704-49fdbf0a9d28,190
2026-01-25,943c1dc8-f23a-4ea3-9181-4bdd3187cdaf,59
2026-01-25,4df48154-703c-4882-988d-115a81788920,115
2026-01-25,7b747786-8c10-44f4-be88-9229187d7f8d,70
2026-01-25,8b8aa78a-338e-4d42-8bdc-6c80f56b1310,41
2026-01-25,ad252533-6734-4e2a-9bb5-0625c602e357,14
2026-01-25,3802c5dd-f943-4702-86f2-eb7c7d3f0693,131
2026-01-25,03d1d1c6-d015-412d-b885-0a3d53e5aba1,368
2026-01-25,f676dbac-a8de-4c4c-bce7-7b9c3029c99b,193
2026-01-25,aeaf8d41-9786-4b2c-bf29-cbec4b344889,325
2026-01-25,38fec701-24e7-4143-b0f9-78e5f0954153,63
2026-01-26,83746f38-fe1c-458c-aa48-d27c72ae4b4f,51
2026-01-26,76496209-9117-46e3-a43e-a7331e91c8cf,222
2026-01-26,cc703e15-a93c-423c-a368-1ed17f5bca2c,106
2026-01-26,b71941cd-cef0-4be8-9103-a0fe3079bf69,92
2026-01-26,0a142a36-c6fc-4135-a6ee-4d91835fae32,630
2026-01-26,a2bd5b08-abe8-4abb-ab71-ffedf51ebc63,322
2026-01-26,6fa64707-db5f-4f0f-9a20-1215a31c3290,233
2026-01-26,d93d39bd-624c-4341-a782-9ef64bc324d1,250
2026-01-26,f6acdadb-07ab-4398-8584-b95839b247d9,220
2026-01-26,642d3481-4416-4fe2-af1e-87fb9e23a2de,32
2026-01-26,648dc2dc-e803-461c-bc73-8a902bc03bf7,12
2026-01-26,ade58c4e-4aeb-4646-9b7e-7c295f4c456f,279
2026-01-26,2af91dad-5aca-4017-a69a-c58079de6327,256
2026-01-26,86f7963d-1572-469d-8490-5b0a8917dd7d,152
2026-01-26,3acfef8b-4f6c-4973-b939-5b907594e727,59
2026-01-26,ee7d5d3f-2ceb-4ce6-b5ed-21bc75705297,52
2026-01-26,d3272d23-12fb-4b9e-bb56-9aa3b17230c2,91
2026-01-26,975ea67f-2c6c-46d0-b74c-a53dc7e42ea2,446
2026-01-26,919732f7-70f8-4671-a8fb-da97278e9655,43
2026-01-26,f6acdadb-07ab-4398-8584-b95839b247d9,201
2026-01-26,b4c15d05-bbb5-48b2-baab-b768b69c9af4,138
2026-01-26,02e64c63-8d6e-416d-ad15-26d3201b1718,102
2026-01-26,7d64b5d9-889a-4a53-8f5a-a59bcc8cbf57,24
2026-01-26,6fa64707-db5f-4f0f-9a20-1215a31c3290,178
2026-01-27,f3811631-3343-45b1-b01c-8fcf4b63df6f,33
2026-01-27,f8a1abfc-21ea-4af9-b259-15e15effe3f5,352
2026-01-27,500b5b48-7fa0-4f5b-b016-07a3478b49d1,292
2026-01-27,84fd3309-4e12-49eb-943d-6b888040eec9,312
2026-01-27,55735a3f-3f95-42f5-8d27-8db91bbac592,172
2026-01-27,67ce978f-aa73-4c6d-ac4b-2fb98eac2690,53
2026-01-27,323c5b1e-a605-45fe-b16f-0c1d2ecbac18,53
2026-01-27,2d94fbae-79c5-4d8d-a360-b78771b35d5c,154
2026-01-27,c027e883-a7e5-4a45-8917-7c47839ddbb8,409
2026-01-27,a366258a-bc11-4ab8-a77f-7b709ef9535e,266
2026-01-27,bd950d7b-e670-4d8b-9afa-17b960aeb030,247
2026-01-27,e68e609d-4a46-49d5-9d1f-178b6ac661b5,198
2026-01-27,4c60e7ea-8fbe-48cc-9a88-55a3b47fdf0f,171
2026-01-27,f81f44b3-6d11-4099-8724-be967cef680e,133
2026-01-27,83746f38-fe1c-458c-aa48-d27c72ae4b4f,221
2026-01-27,64179c96-81dd-4512-84b9-0e5ac72476d1,84
2026-01-27,d3621581-3b1e-4f3c-b88e-16a771b6fd51,284
2026-01-27,534165af-2d84-4e06-b704-49fdbf0a9d28,75
2026-01-27,e796efe1-37ba-40b8-82e3-30cc2b0bfe6b,81
2026-01-28,14916d83-2ab0-4da4-987f-82c151e90bdc,95
2026-01-28,d8bbeef7-d11a-4562-8350-82028b8e8c1d,39
2026-01-28,c94f25f5-1a66-455b-809a-3169e6eddd38,301
2026-01-28,360d7a24-ee57-49db-b95a-6c07a781cdbc,20
2026-01-28,11e9f5d8-2684-4052-b618-3da2513dd0f5,10
2026-01-28,b74ba8d3-80c8-4730-8643-4c6820d0d7c6,19
2026-01-28,11e9f5d8-2684-4052-b618-3da2513dd0f5,54
2026-01-28,c5a22f97-a170-4eab-94ef-d20088c05646,18
2026-01-28,aa453f97-467d-46d0-8a9b-862716b6758f,20
2026-01-28,04d12044-98c0-4912-8061-a4448009bf4f,93
2026-01-28,2377c2cd-6cbf-4269-ba06-ba1978ee4c7f,153
2026-01-28,443830d6-2116-457e-a59e-07929a7e581c,58
2026-01-28,ae6755f4-0a84-45c9-8038-68bc9aa2e54d,269
2026-01-29,f81f44b3-6d11-4099-8724-be967cef680e,100
2026-01-29,83746f38-fe1c-458c-aa48-d27c72ae4b4f,51
2026-01-29,cc703e15-a93c-423c-a368-1ed17f5bca2c,634
2026-01-29,e68e609d-4a46-49d5-9d1f-178b6ac661b5,508
2026-01-29,a366258a-bc11-4ab8-a77f-7b709ef9535e,94
2026-01-29,f5c9e395-2684-4dfa-a6f9-d625dd6a0ccc,143
2026-01-29,cd181a41-f978-4b5b-8884-a51ac578daeb,80
2026-01-29,5ae263a0-a0de-4865-984b-8f31093273a3,219
2026-01-29,252ce64a-c388-4d83-a996-dffe7b70b39d,264
2026-01-29,34cefd16-c9fc-4f5a-b21c-06e30d9f92ba,78
2026-01-29,d29aa157-a13e-49b2-acbd-0751817a413a,158
2026-01-29,1b56ceb0-5f94-442e-838b-0b577b8ecd09,193
2026-01-29,61ace082-5bf0-4f51-91e6-4b42485905fb,349
2026-01-29,f81f44b3-6d11-4099-8724-be967cef680e,70
2026-01-29,83746f38-fe1c-458c-aa48-d27c72ae4b4f,152
2026-01-29,8aa31ace-d03e-4d5e-8605-51c8a30ec2a6,75
2026-01-29,b71941cd-cef0-4be8-9103-a0fe3079bf69,474
2026-01-29,61ace082-5bf0-4f51-91e6-4b42485905fb,176
2026-01-30,b74ba8d3-80c8-4730-8643-4c6820d0d7c6,51
2026-01-30,f8a1abfc-21ea-4af9-b259-15e15effe3f5,262
2026-01-30,aa453f97-467d-46d0-8a9b-862716b6758f,7
2026-01-30,ee7d5d3f-2ceb-4ce6-b5ed-21bc75705297,188
2026-01-30,86f7963d-1572-469d-8490-5b0a8917dd7d,345
2026-01-30,a146d90e-da6e-41e6-891e-e6451709d812,93
2026-01-30,f81f44b3-6d11-4099-8724-be967cef680e,54
2026-01-31,8b8aa78a-338e-4d42-8bdc-6c80f56b1310,136
2026-01-31,64179c96-81dd-4512-84b9-0e5ac72476d1,114
2026-01-31,8d577a11-cd30-49ec-b147-0204c9933520,79
2026-01-31,f9e12bbe-ad03-495f-9e96-3eaf76051a5c,145
2026-01-31,93ddf8de-1896-42d9-b428-1d2581d76d44,17
2026-01-31,c9c80692-34c5-466a-b280-f3e36aba9e0e,242
2026-01-31,cd181a41-f978-4b5b-8884-a51ac578daeb,107
2026-01-31,141bb373-2003-44a2-97d4-2497d9f1b353,17
2026-01-31,10c97f5a-d9dd-4b5b-bc22-84206756e57f,75
2026-01-31,f5c9e395-2684-4dfa-a6f9-d625dd6a0ccc,143
2026-01-31,74ab7751-16ee-44ac-be72-a3db064005ab,404
2026-01-31,2377c2cd-6cbf-4269-ba06-ba1978ee4c7f,83
2026-01-31,f3ad8ef1-53d9-47a4-bf28-98bf4c503a2a,150
2026-01-31,1affea36-1fba-40b8-b983-cdd3252ec255,110
2026-01-31,81a8d0f2-a3bc-48dd-b60f-7d1ee3bb61de,83
2026-01-31,a2bd5b08-abe8-4abb-ab71-ffedf51ebc63,801
2026-01-31,67ce978f-aa73-4c6d-ac4b-2fb98eac2690,114
2026-01-31,c027e883-a7e5-4a45-8917-7c47839ddbb8,338
2026-01-31,ade58c4e-4aeb-4646-9b7e-7c295f4c456f,169
2026-01-31,fe119095-3186-4216-8779-e7f45b181d68,247
2026-01-31,398a415a-fdb0-40ba-be8e-66a1a5814e6d,31
2026-01-31,a6fcde18-1e70-4a84-b37b-23a6de607ef1,81
2026-01-31,c2d69628-134e-4917-88a9-ea7fa1787d6d,49
2026-01-31,03d1d1c6-d015-412d-b885-0a3d53e5aba1,64
2026-01-31,71a0e3d8-007b-431f-abe9-00610dec6234,202
2026-01-31,778f5d64-20d9-46c9-ac6b-78127b8a18a6,40
2026-01-31,ae4c36c1-f8a7-4ae0-bab9-badf6098ccc3,130
2026-01-31,5feef123-1d15-4bf7-9d44-ae57ba3cb8d2,63
2026-01-31,c9c80692-34c5-466a-b280-f3e36aba9e0e,71
2026-01-31,679cfcde-72ee-4ccf-b8cc-0dffc1e054e0,118
2026-02-01,3acfef8b-4f6c-4973-b939-5b907594e727,111
2026-02-01,18cb106c-9908-4d00-a75f-8f3a484f7566,726
2026-02-01,dc26827d-c335-4278-888f-f942ac76b5fc,2
2026-02-01,67ce978f-aa73-4c6d-ac4b-2fb98eac2690,47
2026-02-01,d950c181-da46-4628-9726-ac2b31fe2de7,175
2026-02-01,07133c2e-2543-463e-8191-cd6bb8f7287e,73
2026-02-01,323c5b1e-a605-45fe-b16f-0c1d2ecbac18,90
2026-02-01,cf72d969-48aa-432b-8ea6-a1092a5d739f,180
2026-02-01,3acfef8b-4f6c-4973-b939-5b907594e727,113
2026-02-01,3802c5dd-f943-4702-86f2-eb7c7d3f0693,191
2026-02-01,404fbbae-9030-4ae2-83f7-4c372611308a,53
2026-02-01,01bca73b-8319-4754-9676-21a744f0a632,27
2026-02-01,81a8d0f2-a3bc-48dd-b60f-7d1ee3bb61de,52
2026-02-01,11e9f5d8-2684-4052-b618-3da2513dd0f5,82
2026-02-01,07ac2356-0f30-4114-9a6c-dc7543f0e44e,539
2026-02-01,c53f0023-f635-44ad-a767-65c3d470725c,201
2026-02-01,4191b6b0-e937-4db3-9727-a31104f59109,5
2026-02-01,60bbfd54-deb8-4820-bda2-7d5f23c5ac71,85
2026-02-01,04d12044-98c0-4912-8061-a4448009bf4f,90
2026-02-01,32a07c13-aec4-4e15-823b-ebd2913af9c0,62
2026-02-01,95a18ada-4bd1-4d2d-87d2-eeea84357ae9,34
2026-02-01,f87abd85-9f75-43d3-b942-cd1ace8d82df,70
2026-02-01,60bbfd54-deb8-4820-bda2-7d5f23c5ac71,80
2026-02-01,35c06479-7b7c-4445-a7c2-67c7bcb4a2ce,23
2026-02-01,17a0ddd8-81e9-463f-8e82-7166faa583d7,182
2026-02-01,964a7b53-d151-48ed-9ff2-f97bfe1fc39a,181
2026-02-01,d3621581-3b1e-4f3c-b88e-16a771b6fd51,419
2026-02-01,23a81ae8-9bed-4b1e-9b4d-e31dbdf3d8b4,16
2026-02-01,01bca73b-8319-4754-9676-21a744f0a632,28
2026-02-01,ef94ba9d-5e5f-400f-9dab-a1990cc66009,49
2026-02-01,56506681-9ac4-441f-9c2e-6e99df2841ec,76
2026-02-01,0578efd6-4fe9-4815-b5eb-df9c15366b2d,418
2026-02-01,7ef1ac2a-43e2-438a-b041-ea93cc788698,130
2026-02-01,75eea4f5-3c4c-48ee-bcc2-a02ca1aa0707,85
2026-02-01,b54c07e7-168e-4c31-b066-a414f996725d,16
2026-02-01,b1968ac2-686b-433c-b6fb-12d2f359f1fd,57
2026-02-01,3acfef8b-4f6c-4973-b939-5b907594e727,77
2026-02-01,2af91dad-5aca-4017-a69a-c58079de6327,67
2026-02-01,398a415a-fdb0-40ba-be8e-66a1a5814e6d,76
2026-02-01,f616bdc7-2657-48bb-b11c-755bd213dc54,17
2026-02-01,778f5d64-20d9-46c9-ac6b-78127b8a18a6,33
2026-02-01,3802c5dd-f943-4702-86f2-eb7c7d3f0693,61
2026-02-01,71a0e3d8-007b-431f-abe9-00610dec6234,28
2026-02-02,cd48df7f-84b6-427f-8d13-50ba131a4408,86
2026-02-02,23a81ae8-9bed-4b1e-9b4d-e31dbdf3d8b4,91
2026-02-02,5ae263a0-a0de-4865-984b-8f31093273a3,77
2026-02-02,141bb373-2003-44a2-97d4-2497d9f1b353,29
2026-02-02,f9e39ee3-31b7-44ed-8c71-87c2b0704fa7,55
2026-02-02,94283eb1-1637-4e38-9cc7-4d6ea1c33ea7,72
2026-02-02,cd48df7f-84b6-427f-8d13-50ba131a4408,168
2026-02-02,c5a22f97-a170-4eab-94ef-d20088c05646,33
2026-02-02,b74ba8d3-80c8-4730-8643-4c6820d0d7c6,32
2026-02-02,f4a090a0-05ac-4d44-9637-7a41a632a0b1,187
2026-02-02,06a9fcf8-9895-4dac-835d-6538afb50488,574
2026-02-02,10c97f5a-d9dd-4b5b-bc22-84206756e57f,499
2026-02-02,fdb15293-1b9b-4ca3-851a-b8039c363f95,275
2026-02-02,778f5d64-20d9-46c9-ac6b-78127b8a18a6,142
2026-02-02,ad252533-6734-4e2a-9bb5-0625c602e357,17
2026-02-02,71a0e3d8-007b-431f-abe9-00610dec6234,83
2026-02-02,3802c5dd-f943-4702-86f2-eb7c7d3f0693,160
2026-02-02,1ef46aa7-7ec8-4fd0-bdd3-f54d763dc528,269
2026-02-02,f3811631-3343-45b1-b01c-8fcf4b63df6f,14
2026-02-02,b74ba8d3-80c8-4730-8643-4c6820d0d7c6,15
2026-02-02,da1b3af3-60c8-42f8-9e44-ff16d31c005e,51
2026-02-02,be72ee8c-bb1d-4015-a030-58d0e97847b8,199
2026-02-02,cd48df7f-84b6-427f-8d13-50ba131a4408,75
2026-02-02,85454bab-7690-4e7c-87ad-9fe4034ffa50,148
2026-02-02,f616bdc7-2657-48bb-b11c-755bd213dc54,44
2026-02-02,1da86d07-48dc-479d-8d08-b6e45f65b698,126
2026-02-02,3acfef8b-4f6c-4973-b939-5b907594e727,43
2026-02-02,a146d90e-da6e-41e6-891e-e6451709d812,252
2026-02-02,70f1b94f-9910-4134-9f5b-2140284aaada,394
2026-02-02,949d0b72-ce6e-459b-89dd-b0f710043b58,325
2026-02-02,a63d425d-e140-4889-9b04-e817e75e6e88,123
2026-02-02,975ea67f-2c6c-46d0-b74c-a53dc7e42ea2,107
2026-02-02,5ec20ed9-51f2-4b36-ace4-1c00b0af731f,336
2026-02-02,323fde40-0fde-4601-80d8-c21ee233090d,103
2026-02-02,38ac85bb-bf5c-4bc7-ad5c-493d57ed4dae,245
2026-02-02,c3380f15-533f-4ead-ad89-ab854764664f,289
2026-02-02,91196896-69b7-4438-9c66-d66c13521cf8,168
2026-02-02,8aa31ace-d03e-4d5e-8605-51c8a30ec2a6,188
2026-02-02,782ff122-c203-45cd-b076-7ed6c79050a2,82
2026-02-03,03d1d1c6-d015-412d-b885-0a3d53e5aba1,98
2026-02-03,778f5d64-20d9-46c9-ac6b-78127b8a18a6,123
2026-02-03,71a0e3d8-007b-431f-abe9-00610dec6234,36
2026-02-03,ad252533-6734-4e2a-9bb5-0625c602e357,23
2026-02-03,1ef46aa7-7ec8-4fd0-bdd3-f54d763dc528,316
2026-02-03,c5a22f97-a170-4eab-94ef-d20088c05646,5
2026-02-03,aa453f97-467d-46d0-8a9b-862716b6758f,36
2026-02-03,cd48df7f-84b6-427f-8d13-50ba131a4408,37
2026-02-03,404fbbae-9030-4ae2-83f7-4c372611308a,80
2026-02-03,b74ba8d3-80c8-4730-8643-4c6820d0d7c6,56
2026-02-03,cc703e15-a93c-423c-a368-1ed17f5bca2c,92
2026-02-03,13fc9961-14c1-4d40-9826-11fa03861989,252
2026-02-03,a3ef1949-579e-4904-b56d-94d5ef3f52f9,53
2026-02-03,a2bd5b08-abe8-4abb-ab71-ffedf51ebc63,486
2026-02-03,323fde40-0fde-4601-80d8-c21ee233090d,181
2026-02-03,c91ceb0b-bcb9-413d-aec7-12977299c128,240
2026-02-03,bde33c87-35f6-42ac-9e37-b31b0529a8d4,73
2026-02-03,aeaf8d41-9786-4b2c-bf29-cbec4b344889,227
2026-02-03,2d94fbae-79c5-4d8d-a360-b78771b35d5c,39
2026-02-03,de7cdbcb-579e-410b-a760-24bc39b38da0,17
2026-02-03,b74ba8d3-80c8-4730-8643-4c6820d0d7c6,50
2026-02-03,e6c7a179-2257-4723-874e-6954c0bc34c3,51
2026-02-03,404fbbae-9030-4ae2-83f7-4c372611308a,52
2026-02-03,ae6755f4-0a84-45c9-8038-68bc9aa2e54d,214
2026-02-03,c53f0023-f635-44ad-a767-65c3d470725c,221
2026-02-03,4191b6b0-e937-4db3-9727-a31104f59109,2
2026-02-03,782ff122-c203-45cd-b076-7ed6c79050a2,141
2026-02-03,13fc9961-14c1-4d40-9826-11fa03861989,299
2026-02-03,70e70c34-ae14-4604-acc5-51015e2f82b3,311
2026-02-03,123e3ea5-9992-4fa2-a63a-69d4a5c20d5d,29
2026-02-03,de7cdbcb-579e-410b-a760-24bc39b38da0,57
2026-02-03,bf4ab8f3-74f9-4210-acb8-60e4f9e8c03b,548
2026-02-03,d29aa157-a13e-49b2-acbd-0751817a413a,167
2026-02-04,1ef46aa7-7ec8-4fd0-bdd3-f54d763dc528,159
2026-02-04,ad252533-6734-4e2a-9bb5-0625c602e357,3
2026-02-04,71a0e3d8-007b-431f-abe9-00610dec6234,138
2026-02-04,778f5d64-20d9-46c9-ac6b-78127b8a18a6,38
2026-02-04,03d1d1c6-d015-412d-b885-0a3d53e5aba1,99
2026-02-04,9605a25f-c7ea-46d9-b1c5-e066ca259375,95
2026-02-04,64179c96-81dd-4512-84b9-0e5ac72476d1,33
2026-02-04,aa0d17d0-88c8-42a8-9337-1fd0b0adeb51,664
2026-02-04,8b8aa78a-338e-4d42-8bdc-6c80f56b1310,88
2026-02-04,e70fe5b9-2e25-40d0-8d8b-95496cd98d0a,73
2026-02-04,04d12044-98c0-4912-8061-a4448009bf4f,92
2026-02-04,443830d6-2116-457e-a59e-07929a7e581c,188
2026-02-04,35c06479-7b7c-4445-a7c2-67c7bcb4a2ce,21
2026-02-04,86573017-2b63-41a3-8ff2-9b2e95a0acae,48
2026-02-04,03d1d1c6-d015-412d-b885-0a3d53e5aba1,107
2026-02-04,ad252533-6734-4e2a-9bb5-0625c602e357,7
2026-02-04,71a0e3d8-007b-431f-abe9-00610dec6234,52
2026-02-04,4c60e7ea-8fbe-48cc-9a88-55a3b47fdf0f,122
2026-02-04,bd950d7b-e670-4d8b-9afa-17b960aeb030,594
2026-02-04,e68e609d-4a46-49d5-9d1f-178b6ac661b5,837
2026-02-04,06a9fcf8-9895-4dac-835d-6538afb50488,124
2026-02-04,f4a090a0-05ac-4d44-9637-7a41a632a0b1,213
2026-02-04,efa35228-7ac9-47a8-8587-6f26024c9799,109
2026-02-04,de94f72b-ef10-44ca-8039-4de1c00ed98e,253
2026-02-04,bf6804bd-0f80-4f00-a4d9-ff7d6d181685,254
2026-02-04,6fa64707-db5f-4f0f-9a20-1215a31c3290,223
2026-02-04,60bbfd54-deb8-4820-bda2-7d5f23c5ac71,178
2026-02-04,35c06479-7b7c-4445-a7c2-67c7bcb4a2ce,25
2026-02-04,bd8ecf4e-4016-4cc1-9015-30ef7492ee7d,14
2026-02-04,17a0ddd8-81e9-463f-8e82-7166faa583d7,76
2026-02-04,782ff122-c203-45cd-b076-7ed6c79050a2,243
2026-02-04,22e69462-372c-4f00-aa95-d2bceb6df30d,151
2026-02-04,964a7b53-d151-48ed-9ff2-f97bfe1fc39a,218
2026-02-04,7ef1ac2a-43e2-438a-b041-ea93cc788698,50
2026-02-04,86141946-3529-45d0-be22-fad94e49cffc,258
2026-02-04,cf72d969-48aa-432b-8ea6-a1092a5d739f,171
2026-02-05,02fdcd0f-70a0-4ee4-ab03-bea802a616a7,60
2026-02-05,9e3ce1c2-94e9-4bd1-8eca-8ef9d70e7ae3,39
2026-02-05,f676dbac-a8de-4c4c-bce7-7b9c3029c99b,291
2026-02-05,6e1629d9-dccd-40f6-ac1c-7a15d7cc4a42,43
2026-02-05,7ef1ac2a-43e2-438a-b041-ea93cc788698,173
2026-02-05,75eea4f5-3c4c-48ee-bcc2-a02ca1aa0707,126
2026-02-05,3802c5dd-f943-4702-86f2-eb7c7d3f0693,128
2026-02-05,1ef46aa7-7ec8-4fd0-bdd3-f54d763dc528,265
2026-02-05,778f5d64-20d9-46c9-ac6b-78127b8a18a6,171
2026-02-05,71a0e3d8-007b-431f-abe9-00610dec6234,262
2026-02-05,03d1d1c6-d015-412d-b885-0a3d53e5aba1,406
2026-02-05,32a07c13-aec4-4e15-823b-ebd2913af9c0,26
2026-02-05,8aa31ace-d03e-4d5e-8605-51c8a30ec2a6,280
2026-02-05,206a78bf-c617-41dc-a059-db62641d56fb,147
2026-02-05,398a415a-fdb0-40ba-be8e-66a1a5814e6d,43
2026-02-05,3b41cd5a-fd32-487e-9682-214f2860f78c,157
2026-02-05,1da86d07-48dc-479d-8d08-b6e45f65b698,642
2026-02-05,e8dcbc25-4974-4865-a9a6-67f06fd9d66a,139
2026-02-05,d83fdf93-3f8a-4715-b832-0879fd96f16a,21
2026-02-06,2d94fbae-79c5-4d8d-a360-b78771b35d5c,190
2026-02-06,d950c181-da46-4628-9726-ac2b31fe2de7,402
2026-02-06,61ace082-5bf0-4f51-91e6-4b42485905fb,59
2026-02-06,66b49cb5-9af2-4dd0-8603-27b32517a23e,78
2026-02-06,b54c07e7-168e-4c31-b066-a414f996725d,22
2026-02-06,86141946-3529-45d0-be22-fad94e49cffc,443
2026-02-06,0578efd6-4fe9-4815-b5eb-df9c15366b2d,111
2026-02-06,56506681-9ac4-441f-9c2e-6e99df2841ec,33
2026-02-06,7b4c2ae1-fc6f-4d99-b917-b6c63ffbc633,76
2026-02-06,323c5b1e-a605-45fe-b16f-0c1d2ecbac18,97
2026-02-06,d950c181-da46-4628-9726-ac2b31fe2de7,256
2026-02-06,500b5b48-7fa0-4f5b-b016-07a3478b49d1,60
2026-02-06,679cfcde-72ee-4ccf-b8cc-0dffc1e054e0,219
2026-02-06,4ef7b90d-cbaa-4851-b161-fa168a8b8c20,78
2026-02-06,bde33c87-35f6-42ac-9e37-b31b0529a8d4,90
2026-02-06,38fec701-24e7-4143-b0f9-78e5f0954153,21
2026-02-06,be72ee8c-bb1d-4015-a030-58d0e97847b8,104
2026-02-07,ad252533-6734-4e2a-9bb5-0625c602e357,3
2026-02-07,03d1d1c6-d015-412d-b885-0a3d53e5aba1,79
2026-02-07,86573017-2b63-41a3-8ff2-9b2e95a0acae,45
2026-02-07,4191b6b0-e937-4db3-9727-a31104f59109,1
2026-02-07,ae6755f4-0a84-45c9-8038-68bc9aa2e54d,379
2026-02-07,60bbfd54-deb8-4820-bda2-7d5f23c5ac71,393
2026-02-07,bd8ecf4e-4016-4cc1-9015-30ef7492ee7d,46
2026-02-07,f81f44b3-6d11-4099-8724-be967cef680e,84
2026-02-07,66b49cb5-9af2-4dd0-8603-27b32517a23e,449
2026-02-07,76496209-9117-46e3-a43e-a7331e91c8cf,276
2026-02-07,b71941cd-cef0-4be8-9103-a0fe3079bf69,129
2026-02-07,61ace082-5bf0-4f51-91e6-4b42485905fb,59
2026-02-07,1ef46aa7-7ec8-4fd0-bdd3-f54d763dc528,87
2026-02-07,71a0e3d8-007b-431f-abe9-00610dec6234,59
2026-02-07,ad252533-6734-4e2a-9bb5-0625c602e357,15
2026-02-07,778f5d64-20d9-46c9-ac6b-78127b8a18a6,159
2026-02-07,3802c5dd-f943-4702-86f2-eb7c7d3f0693,63
2026-02-07,03d1d1c6-d015-412d-b885-0a3d53e5aba1,108
2026-02-07,d8bbeef7-d11a-4562-8350-82028b8e8c1d,118
2026-02-07,5a535be5-c64e-42d5-b75d-310ba6017940,146
2026-02-08,3802c5dd-f943-4702-86f2-eb7c7d3f0693,203
2026-02-08,71a0e3d8-007b-431f-abe9-00610dec6234,86
2026-02-08,be72ee8c-bb1d-4015-a030-58d0e97847b8,103
2026-02-08,11e9f5d8-2684-4052-b618-3da2513dd0f5,17
2026-02-08,b74ba8d3-80c8-4730-8643-4c6820d0d7c6,71
2026-02-08,ef94ba9d-5e5f-400f-9dab-a1990cc66009,120
2026-02-08,c53f0023-f635-44ad-a767-65c3d470725c,51
2026-02-08,782ff122-c203-45cd-b076-7ed6c79050a2,318
2026-02-08,04d12044-98c0-4912-8061-a4448009bf4f,332
2026-02-08,2cf388bb-63b5-4c4a-a049-f4a59c911664,70
2026-02-08,443830d6-2116-457e-a59e-07929a7e581c,109
2026-02-08,bd8ecf4e-4016-4cc1-9015-30ef7492ee7d,8
2026-02-08,443830d6-2116-457e-a59e-07929a7e581c,80
2026-02-08,ae6755f4-0a84-45c9-8038-68bc9aa2e54d,303
2026-02-08,c53f0023-f635-44ad-a767-65c3d470725c,82
2026-02-08,c027e883-a7e5-4a45-8917-7c47839ddbb8,759
2026-02-08,d950c181-da46-4628-9726-ac2b31fe2de7,144
2026-02-08,500b5b48-7fa0-4f5b-b016-07a3478b49d1,162
2026-02-08,07133c2e-2543-463e-8191-cd6bb8f7287e,65
2026-02-08,2d94fbae-79c5-4d8d-a360-b78771b35d5c,352
2026-02-08,fe00416c-6bd0-4e79-9df2-0278bd29e32f,33
2026-02-08,e62cb075-1f77-48dc-b1a5-da48603d5373,323
2026-02-09,d567fe1a-6879-4bb2-a016-31db234bcc20,38
2026-02-09,a622f94d-af53-4fe6-ae3a-7eb6f243476d,96
2026-02-09,360d7a24-ee57-49db-b95a-6c07a781cdbc,19
2026-02-09,78e11325-844e-447e-9540-66236cf32bef,275
2026-02-09,df3afbac-e27f-4aaa-9d82-ad4d8288ca91,69
2026-02-09,e990b715-8df9-4fa9-8423-62898b9c4dcf,58
2026-02-09,70e70c34-ae14-4604-acc5-51015e2f82b3,388
2026-02-09,fe119095-3186-4216-8779-e7f45b181d68,522
2026-02-09,a146d90e-da6e-41e6-891e-e6451709d812,485
2026-02-09,5ae263a0-a0de-4865-984b-8f31093273a3,199
2026-02-09,10c97f5a-d9dd-4b5b-bc22-84206756e57f,78
2026-02-09,cbb46431-2527-437e-9634-16b58be0b920,145
2026-02-09,e2834a5e-d6e4-47e5-b624-6fb44b71170d,96
2026-02-09,0c1d3680-6b2b-4706-96d2-6fdbdd058c20,101
2026-02-09,135da2c0-7f30-4692-a5e6-8a910355c8a3,191
2026-02-10,f8a1abfc-21ea-4af9-b259-15e15effe3f5,143
2026-02-10,aa453f97-467d-46d0-8a9b-862716b6758f,32
2026-02-10,c5a22f97-a170-4eab-94ef-d20088c05646,31
2026-02-10,de7cdbcb-579e-410b-a760-24bc39b38da0,90
2026-02-10,23a81ae8-9bed-4b1e-9b4d-e31dbdf3d8b4,22
2026-02-10,cc703e15-a93c-423c-a368-1ed17f5bca2c,809
2026-02-10,ad252533-6734-4e2a-9bb5-0625c602e357,6
2026-02-10,3802c5dd-f943-4702-86f2-eb7c7d3f0693,136
2026-02-10,71a0e3d8-007b-431f-abe9-00610dec6234,28
2026-02-10,03d1d1c6-d015-412d-b885-0a3d53e5aba1,64
2026-02-10,e09612d4-61e8-4b06-9c0c-2aa6bf99a368,9
2026-02-10,3acfef8b-4f6c-4973-b939-5b907594e727,327
2026-02-10,fe00416c-6bd0-4e79-9df2-0278bd29e32f,62
2026-02-10,3b41cd5a-fd32-487e-9682-214f2860f78c,649
2026-02-10,7359c823-539c-4f1b-88c3-4687fa01efa9,101
2026-02-10,94283eb1-1637-4e38-9cc7-4d6ea1c33ea7,94
2026-02-10,cd181a41-f978-4b5b-8884-a51ac578daeb,80
2026-02-10,1affea36-1fba-40b8-b983-cdd3252ec255,207
2026-02-10,0c1d3680-6b2b-4706-96d2-6fdbdd058c20,114
2026-02-10,252ce64a-c388-4d83-a996-dffe7b70b39d,57
2026-02-10,06a9fcf8-9895-4dac-835d-6538afb50488,265
2026-02-10,a366258a-bc11-4ab8-a77f-7b709ef9535e,389
2026-02-10,cf72d969-48aa-432b-8ea6-a1092a5d739f,259
2026-02-10,7ef1ac2a-43e2-438a-b041-ea93cc788698,48
2026-02-10,56506681-9ac4-441f-9c2e-6e99df2841ec,134
2026-02-10,7ef1ac2a-43e2-438a-b041-ea93cc788698,112
2026-02-10,86141946-3529-45d0-be22-fad94e49cffc,170
2026-02-10,0578efd6-4fe9-4815-b5eb-df9c15366b2d,102
2026-02-10,55735a3f-3f95-42f5-8d27-8db91bbac592,128
2026-02-10,b641c7b8-ef58-45c3-ab89-6bc3204ec89e,148
2026-02-10,99a7d335-ad92-4e5b-835a-61d8c69ba4f0,199
2026-02-10,bd950d7b-e670-4d8b-9afa-17b960aeb030,365
2026-02-10,34cefd16-c9fc-4f5a-b21c-06e30d9f92ba,66
2026-02-10,a5778b60-522c-453e-8db0-8b525b6c521b,220
2026-02-10,45568dad-1858-4617-a71c-de9f6573cc88,18
2026-02-11,67ce978f-aa73-4c6d-ac4b-2fb98eac2690,303
2026-02-11,c027e883-a7e5-4a45-8917-7c47839ddbb8,176
2026-02-11,500b5b48-7fa0-4f5b-b016-07a3478b49d1,51
2026-02-11,eceabf31-0905-40b6-ae43-e5b0872e4c09,30
2026-02-11,07133c2e-2543-463e-8191-cd6bb8f7287e,302
2026-02-11,ad252533-6734-4e2a-9bb5-0625c602e357,9
2026-02-11,71a0e3d8-007b-431f-abe9-00610dec6234,48
2026-02-11,03d1d1c6-d015-412d-b885-0a3d53e5aba1,608
2026-02-11,3802c5dd-f943-4702-86f2-eb7c7d3f0693,24
2026-02-11,3acfef8b-4f6c-4973-b939-5b907594e727,40
2026-02-11,df209978-c391-44ad-8492-9386ea6cdfb4,26
2026-02-11,123e3ea5-9992-4fa2-a63a-69d4a5c20d5d,157
2026-02-11,785b4772-99ad-4619-8dbf-385d5611e78e,195
2026-02-11,d83fdf93-3f8a-4715-b832-0879fd96f16a,11
2026-02-11,398a415a-fdb0-40ba-be8e-66a1a5814e6d,109
2026-02-11,1764cc81-19d5-423f-b717-8003bc410d4a,65
2026-02-11,a6fcde18-1e70-4a84-b37b-23a6de607ef1,197
2026-02-11,c3380f15-533f-4ead-ad89-ab854764664f,318
2026-02-11,56506681-9ac4-441f-9c2e-6e99df2841ec,248
2026-02-11,f8a1abfc-21ea-4af9-b259-15e15effe3f5,964
2026-02-11,0578efd6-4fe9-4815-b5eb-df9c15366b2d,303
2026-02-11,7ef1ac2a-43e2-438a-b041-ea93cc788698,179
2026-02-12,ba8c9037-f5ad-4fc7-b6de-13d4b7827f39,161
2026-02-12,6fa64707-db5f-4f0f-9a20-1215a31c3290,60
2026-02-12,a3ef1949-579e-4904-b56d-94d5ef3f52f9,36
2026-02-12,38ac85bb-bf5c-4bc7-ad5c-493d57ed4dae,385
2026-02-12,83746f38-fe1c-458c-aa48-d27c72ae4b4f,130
2026-02-12,76496209-9117-46e3-a43e-a7331e91c8cf,219
2026-02-12,0578efd6-4fe9-4815-b5eb-df9c15366b2d,207
2026-02-13,5ae263a0-a0de-4865-984b-8f31093273a3,264
2026-02-13,6d4a276e-ea46-4f46-9523-a4696e2401f4,76
2026-02-13,f5c9e395-2684-4dfa-a6f9-d625dd6a0ccc,124
2026-02-13,0c1d3680-6b2b-4706-96d2-6fdbdd058c20,111
2026-02-13,e2834a5e-d6e4-47e5-b624-6fb44b71170d,175
2026-02-13,943c1dc8-f23a-4ea3-9181-4bdd3187cdaf,39
2026-02-13,a63d425d-e140-4889-9b04-e817e75e6e88,265
2026-02-13,5ec20ed9-51f2-4b36-ace4-1c00b0af731f,106
2026-02-13,d93d39bd-624c-4341-a782-9ef64bc324d1,369
2026-02-13,f81f5b5b-d5bd-411f-bccb-fe6870671862,203
2026-02-13,f6acdadb-07ab-4398-8584-b95839b247d9,152
2026-02-13,7b4c2ae1-fc6f-4d99-b917-b6c63ffbc633,98
2026-02-13,34cefd16-c9fc-4f5a-b21c-06e30d9f92ba,120
2026-02-13,47f738a2-2464-4820-a74e-15afa67bd937,115
2026-02-13,a366258a-bc11-4ab8-a77f-7b709ef9535e,207
2026-02-13,bd950d7b-e670-4d8b-9afa-17b960aeb030,160
2026-02-13,1b56ceb0-5f94-442e-838b-0b577b8ecd09,133
2026-02-13,a45e1522-4444-4ccb-863f-d322b657540b,205
2026-02-13,18cb106c-9908-4d00-a75f-8f3a484f7566,149
2026-02-13,9d026919-e757-4793-91da-f1693e924ef8,99
2026-02-13,55735a3f-3f95-42f5-8d27-8db91bbac592,84
2026-02-13,757b5fbb-eff2-43df-9a03-a50b30281162,187
2026-02-13,56506681-9ac4-441f-9c2e-6e99df2841ec,144
2026-02-13,7ef1ac2a-43e2-438a-b041-ea93cc788698,23
2026-02-13,b54c07e7-168e-4c31-b066-a414f996725d,16
2026-02-13,cf72d969-48aa-432b-8ea6-a1092a5d739f,62
2026-02-13,785b4772-99ad-4619-8dbf-385d5611e78e,542
2026-02-14,f81f5b5b-d5bd-411f-bccb-fe6870671862,91
2026-02-14,2bf02a5c-4dc0-4047-8d11-e69af5694fe1,171
2026-02-14,f92bd031-c396-4704-8ae1-9c3ccf18d4c1,26
2026-02-14,84fd3309-4e12-49eb-943d-6b888040eec9,582
2026-02-14,374227e6-7515-4c7d-800f-873a417da598,8
2026-02-14,135da2c0-7f30-4692-a5e6-8a910355c8a3,242
2026-02-14,6fa64707-db5f-4f0f-9a20-1215a31c3290,194
2026-02-14,02e64c63-8d6e-416d-ad15-26d3201b1718,29
2026-02-14,64179c96-81dd-4512-84b9-0e5ac72476d1,155
2026-02-14,d3272d23-12fb-4b9e-bb56-9aa3b17230c2,687
2026-02-14,93ddf8de-1896-42d9-b428-1d2581d76d44,44
2026-02-14,919732f7-70f8-4671-a8fb-da97278e9655,76
2026-02-14,4df48154-703c-4882-988d-115a81788920,106
2026-02-14,112eeeec-d240-48f0-adca-10d2c033ebe8,173
2026-02-14,d6a1db4a-a8cc-4416-a870-32f2890bce5e,133
2026-02-14,93ddf8de-1896-42d9-b428-1d2581d76d44,13
2026-02-14,f3ad8ef1-53d9-47a4-bf28-98bf4c503a2a,240
2026-02-14,6d959996-8c2b-4f67-97ab-fd007177628c,3
2026-02-14,9605a25f-c7ea-46d9-b1c5-e066ca259375,471
2026-02-14,679cfcde-72ee-4ccf-b8cc-0dffc1e054e0,177
2026-02-14,4ef7b90d-cbaa-4851-b161-fa168a8b8c20,104
2026-02-14,ae4c36c1-f8a7-4ae0-bab9-badf6098ccc3,74
2026-02-14,75eea4f5-3c4c-48ee-bcc2-a02ca1aa0707,506
2026-02-14,0578efd6-4fe9-4815-b5eb-df9c15366b2d,81
2026-02-14,cf72d969-48aa-432b-8ea6-a1092a5d739f,35
2026-02-15,bf6804bd-0f80-4f00-a4d9-ff7d6d181685,69
2026-02-15,8aa31ace-d03e-4d5e-8605-51c8a30ec2a6,345
2026-02-15,c3380f15-533f-4ead-ad89-ab854764664f,217
2026-02-15,23a81ae8-9bed-4b1e-9b4d-e31dbdf3d8b4,35
2026-02-15,da1b3af3-60c8-42f8-9e44-ff16d31c005e,37
2026-02-15,404fbbae-9030-4ae2-83f7-4c372611308a,107
2026-02-15,91196896-69b7-4438-9c66-d66c13521cf8,92
2026-02-15,02e64c63-8d6e-416d-ad15-26d3201b1718,33
2026-02-15,efa35228-7ac9-47a8-8587-6f26024c9799,225
2026-02-15,0a142a36-c6fc-4135-a6ee-4d91835fae32,393
2026-02-15,a2bd5b08-abe8-4abb-ab71-ffedf51ebc63,89
2026-02-15,e62cb075-1f77-48dc-b1a5-da48603d5373,117
2026-02-15,f81f44b3-6d11-4099-8724-be967cef680e,128
2026-02-15,b71941cd-cef0-4be8-9103-a0fe3079bf69,178
2026-02-15,61ace082-5bf0-4f51-91e6-4b42485905fb,59
2026-02-15,cc703e15-a93c-423c-a368-1ed17f5bca2c,175
2026-02-15,eceabf31-0905-40b6-ae43-e5b0872e4c09,124
2026-02-15,b71941cd-cef0-4be8-9103-a0fe3079bf69,305
2026-02-15,83746f38-fe1c-458c-aa48-d27c72ae4b4f,328
2026-02-15,61ace082-5bf0-4f51-91e6-4b42485905fb,123
2026-02-15,71a0e3d8-007b-431f-abe9-00610dec6234,28
2026-02-15,1ef46aa7-7ec8-4fd0-bdd3-f54d763dc528,64
2026-02-15,03d1d1c6-d015-412d-b885-0a3d53e5aba1,64
2026-02-15,6fa64707-db5f-4f0f-9a20-1215a31c3290,142
2026-02-15,3acfef8b-4f6c-4973-b939-5b907594e727,34
2026-02-15,75eea4f5-3c4c-48ee-bcc2-a02ca1aa0707,139
2026-02-15,63143f6b-dba6-4849-b7fa-fd40b1006177,428
2026-02-15,cf72d969-48aa-432b-8ea6-a1092a5d739f,135
2026-02-15,648dc2dc-e803-461c-bc73-8a902bc03bf7,51
2026-02-15,d3272d23-12fb-4b9e-bb56-9aa3b17230c2,293
2026-02-16,ae4c36c1-f8a7-4ae0-bab9-badf6098ccc3,210
2026-02-16,f5c9e395-2684-4dfa-a6f9-d625dd6a0ccc,231
2026-02-16,141bb373-2003-44a2-97d4-2497d9f1b353,98
2026-02-16,86f7963d-1572-469d-8490-5b0a8917dd7d,108
2026-02-16,f616bdc7-2657-48bb-b11c-755bd213dc54,39
2026-02-16,df1decca-4744-45d6-bac8-18b79254aa45,100
2026-02-16,a8a42c97-703e-4bc2-9384-2a45a78a943b,412
2026-02-16,785b4772-99ad-4619-8dbf-385d5611e78e,368
2026-02-16,1b56ceb0-5f94-442e-838b-0b577b8ecd09,82
2026-02-16,06a9fcf8-9895-4dac-835d-6538afb50488,129
2026-02-16,252ce64a-c388-4d83-a996-dffe7b70b39d,393
2026-02-16,a366258a-bc11-4ab8-a77f-7b709ef9535e,168
2026-02-16,639b6b77-33b1-44cd-87bc-c04598303533,216
2026-02-16,70f1b94f-9910-4134-9f5b-2140284aaada,260
2026-02-16,639b6b77-33b1-44cd-87bc-c04598303533,63
2026-02-16,1570de8f-5233-4dad-a014-c57c7d2b30cd,30
2026-02-16,f6acdadb-07ab-4398-8584-b95839b247d9,25
2026-02-17,84fd3309-4e12-49eb-943d-6b888040eec9,224
2026-02-17,99a7d335-ad92-4e5b-835a-61d8c69ba4f0,121
2026-02-17,46f568ad-071f-45d3-b203-6a6787abff45,303
2026-02-17,b641c7b8-ef58-45c3-ab89-6bc3204ec89e,228
2026-02-17,61ace082-5bf0-4f51-91e6-4b42485905fb,440
2026-02-17,b71941cd-cef0-4be8-9103-a0fe3079bf69,184
2026-02-17,83746f38-fe1c-458c-aa48-d27c72ae4b4f,176
2026-02-17,86141946-3529-45d0-be22-fad94e49cffc,46
2026-02-17,6fd18858-df49-4dac-bdfe-4cdaa313c8b8,173
2026-02-17,7d64b5d9-889a-4a53-8f5a-a59bcc8cbf57,24
2026-02-17,206a78bf-c617-41dc-a059-db62641d56fb,226
2026-02-17,efa35228-7ac9-47a8-8587-6f26024c9799,187
2026-02-17,8aa31ace-d03e-4d5e-8605-51c8a30ec2a6,357
2026-02-17,cc703e15-a93c-423c-a368-1ed17f5bca2c,716
2026-02-17,f81f44b3-6d11-4099-8724-be967cef680e,82
2026-02-17,61ace082-5bf0-4f51-91e6-4b42485905fb,197
2026-02-17,76496209-9117-46e3-a43e-a7331e91c8cf,484
2026-02-17,d567fe1a-6879-4bb2-a016-31db234bcc20,73
2026-02-17,b54c07e7-168e-4c31-b066-a414f996725d,8
2026-02-17,f87abd85-9f75-43d3-b942-cd1ace8d82df,206
2026-02-17,6fa64707-db5f-4f0f-9a20-1215a31c3290,50
2026-02-17,bf6804bd-0f80-4f00-a4d9-ff7d6d181685,361
2026-02-17,8e34005a-aae1-42c3-bd31-a44d9fc1f6d6,439
2026-02-17,9d3ce992-9687-4a1f-877f-8713f55d70dc,535
2026-02-17,e09612d4-61e8-4b06-9c0c-2aa6bf99a368,35
2026-02-17,9d026919-e757-4793-91da-f1693e924ef8,826
2026-02-17,b5b07eba-a649-4f76-a48f-fcfed53d3f00,63
2026-02-17,374227e6-7515-4c7d-800f-873a417da598,58
2026-02-17,04d12044-98c0-4912-8061-a4448009bf4f,617
2026-02-17,8ce3e51b-aa19-43e6-84e9-520fc55a154b,102
2026-02-17,2377c2cd-6cbf-4269-ba06-ba1978ee4c7f,54
2026-02-17,c53f0023-f635-44ad-a767-65c3d470725c,158
2026-02-17,443830d6-2116-457e-a59e-07929a7e581c,31
2026-02-18,5ec20ed9-51f2-4b36-ace4-1c00b0af731f,123
2026-02-18,f6acdadb-07ab-4398-8584-b95839b247d9,26
2026-02-18,e796efe1-37ba-40b8-82e3-30cc2b0bfe6b,90
2026-02-18,919732f7-70f8-4671-a8fb-da97278e9655,92
2026-02-18,d3272d23-12fb-4b9e-bb56-9aa3b17230c2,91
2026-02-18,ad252533-6734-4e2a-9bb5-0625c602e357,9
2026-02-18,3802c5dd-f943-4702-86f2-eb7c7d3f0693,24
2026-02-18,1ef46aa7-7ec8-4fd0-bdd3-f54d763dc528,171
2026-02-18,778f5d64-20d9-46c9-ac6b-78127b8a18a6,36
2026-02-18,71a0e3d8-007b-431f-abe9-00610dec6234,126
2026-02-18,06a9fcf8-9895-4dac-835d-6538afb50488,352
2026-02-18,d29aa157-a13e-49b2-acbd-0751817a413a,56
2026-02-18,fb4731ad-aa5f-42b7-a66c-5e6c627afb51,60
2026-02-18,f3ad8ef1-53d9-47a4-bf28-98bf4c503a2a,53
2026-02-18,9592efa6-7150-4fd4-9590-4d34231d13f3,9
2026-02-18,64179c96-81dd-4512-84b9-0e5ac72476d1,189
2026-02-18,93ddf8de-1896-42d9-b428-1d2581d76d44,22
2026-02-19,f81f44b3-6d11-4099-8724-be967cef680e,191
2026-02-19,83746f38-fe1c-458c-aa48-d27c72ae4b4f,101
2026-02-19,b71941cd-cef0-4be8-9103-a0fe3079bf69,492
2026-02-19,964a7b53-d151-48ed-9ff2-f97bfe1fc39a,94
2026-02-19,fb4731ad-aa5f-42b7-a66c-5e6c627afb51,13
2026-02-19,64179c96-81dd-4512-84b9-0e5ac72476d1,33
2026-02-19,9592efa6-7150-4fd4-9590-4d34231d13f3,4
2026-02-19,de7cdbcb-579e-410b-a760-24bc39b38da0,56
2026-02-19,975ea67f-2c6c-46d0-b74c-a53dc7e42ea2,646
2026-02-19,639b6b77-33b1-44cd-87bc-c04598303533,39
2026-02-19,943c1dc8-f23a-4ea3-9181-4bdd3187cdaf,37
2026-02-19,e796efe1-37ba-40b8-82e3-30cc2b0bfe6b,225
2026-02-19,949d0b72-ce6e-459b-89dd-b0f710043b58,82
2026-02-19,03d1d1c6-d015-412d-b885-0a3d53e5aba1,166
2026-02-19,1ef46aa7-7ec8-4fd0-bdd3-f54d763dc528,213
2026-02-19,71a0e3d8-007b-431f-abe9-00610dec6234,29
2026-02-19,778f5d64-20d9-46c9-ac6b-78127b8a18a6,159
2026-02-19,ad252533-6734-4e2a-9bb5-0625c602e357,8
2026-02-19,63143f6b-dba6-4849-b7fa-fd40b1006177,264
2026-02-19,f8a1abfc-21ea-4af9-b259-15e15effe3f5,121
2026-02-19,f3811631-3343-45b1-b01c-8fcf4b63df6f,23
2026-02-19,b1968ac2-686b-433c-b6fb-12d2f359f1fd,54
2026-02-19,fe00416c-6bd0-4e79-9df2-0278bd29e32f,20
2026-02-20,ba8c9037-f5ad-4fc7-b6de-13d4b7827f39,43
2026-02-20,6fd18858-df49-4dac-bdfe-4cdaa313c8b8,455
2026-02-20,efa35228-7ac9-47a8-8587-6f26024c9799,235
2026-02-20,534165af-2d84-4e06-b704-49fdbf0a9d28,52
2026-02-20,93ddf8de-1896-42d9-b428-1d2581d76d44,68
2026-02-20,500b5b48-7fa0-4f5b-b016-07a3478b49d1,51
2026-02-20,07133c2e-2543-463e-8191-cd6bb8f7287e,224
2026-02-20,eceabf31-0905-40b6-ae43-e5b0872e4c09,187
2026-02-20,c027e883-a7e5-4a45-8917-7c47839ddbb8,194
2026-02-20,67ce978f-aa73-4c6d-ac4b-2fb98eac2690,41
2026-02-20,8e783dc6-4f6d-4d76-8b14-4581da2942a5,236
2026-02-20,07133c2e-2543-463e-8191-cd6bb8f7287e,131
2026-02-20,76496209-9117-46e3-a43e-a7331e91c8cf,129
2026-02-20,83746f38-fe1c-458c-aa48-d27c72ae4b4f,411
2026-02-20,61ace082-5bf0-4f51-91e6-4b42485905fb,110
2026-02-20,cd181a41-f978-4b5b-8884-a51ac578daeb,80
2026-02-20,e2834a5e-d6e4-47e5-b624-6fb44b71170d,324
2026-02-20,1affea36-1fba-40b8-b983-cdd3252ec255,71
2026-02-20,c94f25f5-1a66-455b-809a-3169e6eddd38,366
2026-02-20,d567fe1a-6879-4bb2-a016-31db234bcc20,56
2026-02-20,57c642f9-0546-4f54-92ce-51e3ab1f4ffd,32
2026-02-20,ab2da2b7-3e30-4795-9cfa-eeab736149ab,81
2026-02-20,5feef123-1d15-4bf7-9d44-ae57ba3cb8d2,189
2026-02-20,76496209-9117-46e3-a43e-a7331e91c8cf,413
2026-02-20,66b49cb5-9af2-4dd0-8603-27b32517a23e,89
2026-02-20,b71941cd-cef0-4be8-9103-a0fe3079bf69,134
2026-02-20,83746f38-fe1c-458c-aa48-d27c72ae4b4f,126
2026-02-20,7ef1ac2a-43e2-438a-b041-ea93cc788698,72
2026-02-20,56506681-9ac4-441f-9c2e-6e99df2841ec,290
2026-02-20,5ec20ed9-51f2-4b36-ace4-1c00b0af731f,174
2026-02-20,1570de8f-5233-4dad-a014-c57c7d2b30cd,182
2026-02-20,e796efe1-37ba-40b8-82e3-30cc2b0bfe6b,39
2026-02-20,cd181a41-f978-4b5b-8884-a51ac578daeb,136
2026-02-20,86141946-3529-45d0-be22-fad94e49cffc,252
2026-02-20,75eea4f5-3c4c-48ee-bcc2-a02ca1aa0707,148
2026-02-20,63143f6b-dba6-4849-b7fa-fd40b1006177,82
2026-02-20,cf72d969-48aa-432b-8ea6-a1092a5d739f,100
2026-02-20,b54c07e7-168e-4c31-b066-a414f996725d,33
2026-02-21,0578efd6-4fe9-4815-b5eb-df9c15366b2d,145
2026-02-21,ae6755f4-0a84-45c9-8038-68bc9aa2e54d,83
2026-02-21,e70fe5b9-2e25-40d0-8d8b-95496cd98d0a,425
2026-02-21,17a0ddd8-81e9-463f-8e82-7166faa583d7,120
2026-02-21,86573017-2b63-41a3-8ff2-9b2e95a0acae,143
2026-02-21,bd8ecf4e-4016-4cc1-9015-30ef7492ee7d,27
2026-02-21,5a535be5-c64e-42d5-b75d-310ba6017940,120
2026-02-21,38fec701-24e7-4143-b0f9-78e5f0954153,67
2026-02-21,5ec20ed9-51f2-4b36-ace4-1c00b0af731f,86
2026-02-21,975ea67f-2c6c-46d0-b74c-a53dc7e42ea2,235
2026-02-21,cc703e15-a93c-423c-a368-1ed17f5bca2c,490
2026-02-21,66b49cb5-9af2-4dd0-8603-27b32517a23e,78
2026-02-21,76496209-9117-46e3-a43e-a7331e91c8cf,154
2026-02-21,61ace082-5bf0-4f51-91e6-4b42485905fb,219
2026-02-21,86141946-3529-45d0-be22-fad94e49cffc,136
2026-02-21,75eea4f5-3c4c-48ee-bcc2-a02ca1aa0707,433
2026-02-21,56506681-9ac4-441f-9c2e-6e99df2841ec,33
2026-02-21,63143f6b-dba6-4849-b7fa-fd40b1006177,288
2026-02-21,f81f44b3-6d11-4099-8724-be967cef680e,246
2026-02-21,83746f38-fe1c-458c-aa48-d27c72ae4b4f,252
2026-02-21,2bf02a5c-4dc0-4047-8d11-e69af5694fe1,533
2026-02-21,135da2c0-7f30-4692-a5e6-8a910355c8a3,96
2026-02-21,46f568ad-071f-45d3-b203-6a6787abff45,160
2026-02-21,c027e883-a7e5-4a45-8917-7c47839ddbb8,97
2026-02-21,2d94fbae-79c5-4d8d-a360-b78771b35d5c,39
2026-02-21,d950c181-da46-4628-9726-ac2b31fe2de7,84
2026-02-21,67ce978f-aa73-4c6d-ac4b-2fb98eac2690,182
2026-02-21,eceabf31-0905-40b6-ae43-e5b0872e4c09,245
2026-02-21,46f568ad-071f-45d3-b203-6a6787abff45,142
2026-02-21,778f5d64-20d9-46c9-ac6b-78127b8a18a6,32
2026-02-21,ad252533-6734-4e2a-9bb5-0625c602e357,7
2026-02-21,ad252533-6734-4e2a-9bb5-0625c602e357,3
2026-02-21,3802c5dd-f943-4702-86f2-eb7c7d3f0693,24
2026-02-21,03d1d1c6-d015-412d-b885-0a3d53e5aba1,174
2026-02-21,71a0e3d8-007b-431f-abe9-00610dec6234,49
2026-02-21,78e11325-844e-447e-9540-66236cf32bef,132
2026-02-21,ab2da2b7-3e30-4795-9cfa-eeab736149ab,81
2026-02-21,ae4c36c1-f8a7-4ae0-bab9-badf6098ccc3,38
2026-02-21,d8bbeef7-d11a-4562-8350-82028b8e8c1d,219
2026-02-21,964a7b53-d151-48ed-9ff2-f97bfe1fc39a,489
2026-02-21,500b5b48-7fa0-4f5b-b016-07a3478b49d1,62
2026-02-21,c027e883-a7e5-4a45-8917-7c47839ddbb8,204
2026-02-21,d950c181-da46-4628-9726-ac2b31fe2de7,377
2026-02-21,56506681-9ac4-441f-9c2e-6e99df2841ec,33
2026-02-21,63143f6b-dba6-4849-b7fa-fd40b1006177,88
2026-02-21,b54c07e7-168e-4c31-b066-a414f996725d,7
2026-02-21,86141946-3529-45d0-be22-fad94e49cffc,163
2026-02-22,dc26827d-c335-4278-888f-f942ac76b5fc,4
2026-02-22,b5b07eba-a649-4f76-a48f-fcfed53d3f00,296
2026-02-22,76496209-9117-46e3-a43e-a7331e91c8cf,354
2026-02-22,66b49cb5-9af2-4dd0-8603-27b32517a23e,141
2026-02-22,83746f38-fe1c-458c-aa48-d27c72ae4b4f,153
2026-02-22,b71941cd-cef0-4be8-9103-a0fe3079bf69,149
2026-02-22,bd8ecf4e-4016-4cc1-9015-30ef7492ee7d,9
2026-02-22,949d0b72-ce6e-459b-89dd-b0f710043b58,145
2026-02-22,d950c181-da46-4628-9726-ac2b31fe2de7,154
2026-02-22,4df48154-703c-4882-988d-115a81788920,43
2026-02-22,112eeeec-d240-48f0-adca-10d2c033ebe8,294
2026-02-22,e796efe1-37ba-40b8-82e3-30cc2b0bfe6b,296
2026-02-22,d567fe1a-6879-4bb2-a016-31db234bcc20,22
2026-02-22,14916d83-2ab0-4da4-987f-82c151e90bdc,240
2026-02-22,aeaf8d41-9786-4b2c-bf29-cbec4b344889,153
2026-02-22,1affea36-1fba-40b8-b983-cdd3252ec255,96
2026-02-22,0c1d3680-6b2b-4706-96d2-6fdbdd058c20,151
2026-02-22,fdb15293-1b9b-4ca3-851a-b8039c363f95,72
2026-02-22,36f2be10-0e48-44ff-9638-0dc4b31e52e8,59
2026-02-23,b71941cd-cef0-4be8-9103-a0fe3079bf69,171
2026-02-23,83746f38-fe1c-458c-aa48-d27c72ae4b4f,86
2026-02-23,cc703e15-a93c-423c-a368-1ed17f5bca2c,366
2026-02-23,f81f44b3-6d11-4099-8724-be967cef680e,124
2026-02-23,61ace082-5bf0-4f51-91e6-4b42485905fb,210
2026-02-23,a8a42c97-703e-4bc2-9384-2a45a78a943b,166
2026-02-23,fe119095-3186-4216-8779-e7f45b181d68,248
2026-02-23,3acfef8b-4f6c-4973-b939-5b907594e727,109
2026-02-23,3b41cd5a-fd32-487e-9682-214f2860f78c,191
2026-02-23,f3811631-3343-45b1-b01c-8fcf4b63df6f,17
2026-02-23,ef94ba9d-5e5f-400f-9dab-a1990cc66009,227
2026-02-23,be72ee8c-bb1d-4015-a030-58d0e97847b8,167
2026-02-23,81a8d0f2-a3bc-48dd-b60f-7d1ee3bb61de,60
2026-02-23,86141946-3529-45d0-be22-fad94e49cffc,88
2026-02-23,e2710b9e-522c-454d-9fdf-85a0d62d3635,434
2026-02-23,c5a22f97-a170-4eab-94ef-d20088c05646,40
2026-02-23,b74ba8d3-80c8-4730-8643-4c6820d0d7c6,16
2026-02-23,a8a42c97-703e-4bc2-9384-2a45a78a943b,128
2026-02-23,ade58c4e-4aeb-4646-9b7e-7c295f4c456f,219
2026-02-23,3b41cd5a-fd32-487e-9682-214f2860f78c,137
2026-02-23,1da86d07-48dc-479d-8d08-b6e45f65b698,472
2026-02-23,323c5b1e-a605-45fe-b16f-0c1d2ecbac18,127
2026-02-23,8e783dc6-4f6d-4d76-8b14-4581da2942a5,79
2026-02-23,500b5b48-7fa0-4f5b-b016-07a3478b49d1,63
2026-02-23,2d94fbae-79c5-4d8d-a360-b78771b35d5c,75
2026-02-23,c027e883-a7e5-4a45-8917-7c47839ddbb8,145
2026-02-24,01bca73b-8319-4754-9676-21a744f0a632,100
2026-02-24,b74ba8d3-80c8-4730-8643-4c6820d0d7c6,54
2026-02-24,c5a22f97-a170-4eab-94ef-d20088c05646,14
2026-02-24,e6c7a179-2257-4723-874e-6954c0bc34c3,113
2026-02-24,943c1dc8-f23a-4ea3-9181-4bdd3187cdaf,24
2026-02-24,112eeeec-d240-48f0-adca-10d2c033ebe8,273
2026-02-24,7b4c2ae1-fc6f-4d99-b917-b6c63ffbc633,77
2026-02-24,949d0b72-ce6e-459b-89dd-b0f710043b58,139
2026-02-24,fdb15293-1b9b-4ca3-851a-b8039c363f95,276
2026-02-24,d950c181-da46-4628-9726-ac2b31fe2de7,544
2026-02-24,c027e883-a7e5-4a45-8917-7c47839ddbb8,97
2026-02-24,ee7d5d3f-2ceb-4ce6-b5ed-21bc75705297,115
2026-02-24,919732f7-70f8-4671-a8fb-da97278e9655,137
2026-02-24,648dc2dc-e803-461c-bc73-8a902bc03bf7,17
2026-02-24,a63d425d-e140-4889-9b04-e817e75e6e88,547
2026-02-25,57c642f9-0546-4f54-92ce-51e3ab1f4ffd,36
2026-02-25,c9c80692-34c5-466a-b280-f3e36aba9e0e,211
2026-02-25,c94f25f5-1a66-455b-809a-3169e6eddd38,71
2026-02-25,6e1629d9-dccd-40f6-ac1c-7a15d7cc4a42,20
2026-02-25,b54c07e7-168e-4c31-b066-a414f996725d,8
2026-02-25,cf72d969-48aa-432b-8ea6-a1092a5d739f,55
2026-02-25,75eea4f5-3c4c-48ee-bcc2-a02ca1aa0707,114
2026-02-25,56506681-9ac4-441f-9c2e-6e99df2841ec,128
2026-02-25,63143f6b-dba6-4849-b7fa-fd40b1006177,112
2026-02-25,f5c9e395-2684-4dfa-a6f9-d625dd6a0ccc,83
2026-02-25,1affea36-1fba-40b8-b983-cdd3252ec255,93
2026-02-25,d950c181-da46-4628-9726-ac2b31fe2de7,292
2026-02-25,141bb373-2003-44a2-97d4-2497d9f1b353,46
2026-02-25,56506681-9ac4-441f-9c2e-6e99df2841ec,33
2026-02-25,7ef1ac2a-43e2-438a-b041-ea93cc788698,44
2026-02-25,86141946-3529-45d0-be22-fad94e49cffc,83
2026-02-25,b54c07e7-168e-4c31-b066-a414f996725d,5
2026-02-25,75eea4f5-3c4c-48ee-bcc2-a02ca1aa0707,373
2026-02-26,1ef46aa7-7ec8-4fd0-bdd3-f54d763dc528,68
2026-02-26,71a0e3d8-007b-431f-abe9-00610dec6234,42
2026-02-26,ad252533-6734-4e2a-9bb5-0625c602e357,8
2026-02-26,778f5d64-20d9-46c9-ac6b-78127b8a18a6,109
2026-02-26,67ce978f-aa73-4c6d-ac4b-2fb98eac2690,237
2026-02-26,07133c2e-2543-463e-8191-cd6bb8f7287e,55
2026-02-26,323fde40-0fde-4601-80d8-c21ee233090d,171
2026-02-26,de94f72b-ef10-44ca-8039-4de1c00ed98e,150
2026-02-26,7d64b5d9-889a-4a53-8f5a-a59bcc8cbf57,47
2026-02-26,32a07c13-aec4-4e15-823b-ebd2913af9c0,26
2026-02-26,7ef1ac2a-43e2-438a-b041-ea93cc788698,71
2026-02-26,86141946-3529-45d0-be22-fad94e49cffc,96
2026-02-26,63143f6b-dba6-4849-b7fa-fd40b1006177,197
2026-02-26,56506681-9ac4-441f-9c2e-6e99df2841ec,49
2026-02-26,0578efd6-4fe9-4815-b5eb-df9c15366b2d,208
2026-02-26,1affea36-1fba-40b8-b983-cdd3252ec255,57
2026-02-26,e2834a5e-d6e4-47e5-b624-6fb44b71170d,140
2026-02-26,0c1d3680-6b2b-4706-96d2-6fdbdd058c20,549
2026-02-26,e2834a5e-d6e4-47e5-b624-6fb44b71170d,87
2026-02-26,6d4a276e-ea46-4f46-9523-a4696e2401f4,206
2026-02-27,785b4772-99ad-4619-8dbf-385d5611e78e,150
2026-02-27,f616bdc7-2657-48bb-b11c-755bd213dc54,15
2026-02-27,fe119095-3186-4216-8779-e7f45b181d68,296
2026-02-27,ade58c4e-4aeb-4646-9b7e-7c295f4c456f,183
2026-02-27,642d3481-4416-4fe2-af1e-87fb9e23a2de,155
2026-02-27,ee7d5d3f-2ceb-4ce6-b5ed-21bc75705297,55
2026-02-27,398a415a-fdb0-40ba-be8e-66a1a5814e6d,121
2026-02-27,e8dcbc25-4974-4865-a9a6-67f06fd9d66a,407
2026-02-27,785b4772-99ad-4619-8dbf-385d5611e78e,136
2026-02-27,fe00416c-6bd0-4e79-9df2-0278bd29e32f,42
2026-02-27,9d026919-e757-4793-91da-f1693e924ef8,340
2026-02-27,f92bd031-c396-4704-8ae1-9c3ccf18d4c1,20
2026-02-27,55735a3f-3f95-42f5-8d27-8db91bbac592,261
2026-02-27,757b5fbb-eff2-43df-9a03-a50b30281162,88
2026-02-27,e09612d4-61e8-4b06-9c0c-2aa6bf99a368,10
2026-02-27,648dc2dc-e803-461c-bc73-8a902bc03bf7,12
2026-02-27,5ec20ed9-51f2-4b36-ace4-1c00b0af731f,429
2026-02-27,642d3481-4416-4fe2-af1e-87fb9e23a2de,27
2026-02-27,7b4c2ae1-fc6f-4d99-b917-b6c63ffbc633,177
2026-02-27,e796efe1-37ba-40b8-82e3-30cc2b0bfe6b,240
2026-02-27,07ac2356-0f30-4114-9a6c-dc7543f0e44e,211
2026-02-27,2377c2cd-6cbf-4269-ba06-ba1978ee4c7f,23
2026-02-27,8dc6d9a0-e2c5-4e96-83b4-29242b570a05,91
2026-02-27,e70fe5b9-2e25-40d0-8d8b-95496cd98d0a,132
2026-02-27,a146d90e-da6e-41e6-891e-e6451709d812,126
2026-02-27,10c97f5a-d9dd-4b5b-bc22-84206756e57f,675
2026-02-27,c94f25f5-1a66-455b-809a-3169e6eddd38,233
2026-02-27,aeaf8d41-9786-4b2c-bf29-cbec4b344889,94
2026-02-27,fdb15293-1b9b-4ca3-851a-b8039c363f95,155
2026-02-27,1affea36-1fba-40b8-b983-cdd3252ec255,61
2026-02-27,6d4a276e-ea46-4f46-9523-a4696e2401f4,72
2026-02-27,61ace082-5bf0-4f51-91e6-4b42485905fb,369
2026-02-27,66b49cb5-9af2-4dd0-8603-27b32517a23e,78
2026-02-27,83746f38-fe1c-458c-aa48-d27c72ae4b4f,366
2026-02-28,c027e883-a7e5-4a45-8917-7c47839ddbb8,225
2026-02-28,2d94fbae-79c5-4d8d-a360-b78771b35d5c,39
2026-02-28,67ce978f-aa73-4c6d-ac4b-2fb98eac2690,196
2026-02-28,07133c2e-2543-463e-8191-cd6bb8f7287e,102
2026-02-28,8e783dc6-4f6d-4d76-8b14-4581da2942a5,179
2026-02-28,c027e883-a7e5-4a45-8917-7c47839ddbb8,210
2026-02-28,d950c181-da46-4628-9726-ac2b31fe2de7,133
2026-02-28,eceabf31-0905-40b6-ae43-e5b0872e4c09,49
2026-02-28,5ae263a0-a0de-4865-984b-8f31093273a3,149
2026-02-28,78e11325-844e-447e-9540-66236cf32bef,77
2026-02-28,64179c96-81dd-4512-84b9-0e5ac72476d1,49
2026-02-28,22dfb9bc-c3ae-4650-bad1-88adad33eada,274
2026-02-28,93ddf8de-1896-42d9-b428-1d2581d76d44,26
2026-02-28,8d577a11-cd30-49ec-b147-0204c9933520,79
2026-02-28,70e70c34-ae14-4604-acc5-51015e2f82b3,460
2026-02-28,63143f6b-dba6-4849-b7fa-fd40b1006177,404
2026-02-28,7ef1ac2a-43e2-438a-b041-ea93cc788698,42
2026-03-01,f3ad8ef1-53d9-47a4-bf28-98bf4c503a2a,94
2026-03-01,d3621581-3b1e-4f3c-b88e-16a771b6fd51,697
2026-03-01,93ddf8de-1896-42d9-b428-1d2581d76d44,41
2026-03-01,6d959996-8c2b-4f67-97ab-fd007177628c,3
2026-03-01,fe00416c-6bd0-4e79-9df2-0278bd29e32f,21
2026-03-01,df1decca-4744-45d6-bac8-18b79254aa45,109
2026-03-01,123e3ea5-9992-4fa2-a63a-69d4a5c20d5d,36
2026-03-01,a8a42c97-703e-4bc2-9384-2a45a78a943b,356
2026-03-01,6d4a276e-ea46-4f46-9523-a4696e2401f4,50
2026-03-01,f5c9e395-2684-4dfa-a6f9-d625dd6a0ccc,39
2026-03-01,5ae263a0-a0de-4865-984b-8f31093273a3,50
2026-03-01,f81f5b5b-d5bd-411f-bccb-fe6870671862,129
2026-03-01,975ea67f-2c6c-46d0-b74c-a53dc7e42ea2,124
2026-03-01,d3272d23-12fb-4b9e-bb56-9aa3b17230c2,129
2026-03-01,648dc2dc-e803-461c-bc73-8a902bc03bf7,56
2026-03-01,f6acdadb-07ab-4398-8584-b95839b247d9,113
2026-03-01,ad252533-6734-4e2a-9bb5-0625c602e357,3
2026-03-01,0a142a36-c6fc-4135-a6ee-4d91835fae32,166
2026-03-01,91196896-69b7-4438-9c66-d66c13521cf8,47
2026-03-01,6fd18858-df49-4dac-bdfe-4cdaa313c8b8,183
2026-03-01,7d64b5d9-889a-4a53-8f5a-a59bcc8cbf57,39
2026-03-01,8aa31ace-d03e-4d5e-8605-51c8a30ec2a6,312
2026-03-02,bf6804bd-0f80-4f00-a4d9-ff7d6d181685,196
2026-03-02,c3380f15-533f-4ead-ad89-ab854764664f,380
2026-03-02,a2bd5b08-abe8-4abb-ab71-ffedf51ebc63,197
2026-03-02,6fd18858-df49-4dac-bdfe-4cdaa313c8b8,342
2026-03-02,f87abd85-9f75-43d3-b942-cd1ace8d82df,220
2026-03-02,13fc9961-14c1-4d40-9826-11fa03861989,88
2026-03-02,04d12044-98c0-4912-8061-a4448009bf4f,141
2026-03-02,17a0ddd8-81e9-463f-8e82-7166faa583d7,28
2026-03-02,443830d6-2116-457e-a59e-07929a7e581c,234
2026-03-02,86573017-2b63-41a3-8ff2-9b2e95a0acae,84
2026-03-02,443830d6-2116-457e-a59e-07929a7e581c,33
2026-03-02,60bbfd54-deb8-4820-bda2-7d5f23c5ac71,79
2026-03-02,bd8ecf4e-4016-4cc1-9015-30ef7492ee7d,17
2026-03-02,2cf388bb-63b5-4c4a-a049-f4a59c911664,286
2026-03-02,b74ba8d3-80c8-4730-8643-4c6820d0d7c6,22
2026-03-02,aa453f97-467d-46d0-8a9b-862716b6758f,15
2026-03-02,e6c7a179-2257-4723-874e-6954c0bc34c3,64
2026-03-02,de7cdbcb-579e-410b-a760-24bc39b38da0,28
2026-03-02,8ce3e51b-aa19-43e6-84e9-520fc55a154b,135
2026-03-02,4191b6b0-e937-4db3-9727-a31104f59109,8
2026-03-02,2cf388bb-63b5-4c4a-a049-f4a59c911664,331
2026-03-02,61ace082-5bf0-4f51-91e6-4b42485905fb,90
2026-03-02,66b49cb5-9af2-4dd0-8603-27b32517a23e,305
2026-03-02,76496209-9117-46e3-a43e-a7331e91c8cf,142
2026-03-02,df209978-c391-44ad-8492-9386ea6cdfb4,16
2026-03-02,e8dcbc25-4974-4865-a9a6-67f06fd9d66a,551
2026-03-02,1764cc81-19d5-423f-b717-8003bc410d4a,312
2026-03-02,ade58c4e-4aeb-4646-9b7e-7c295f4c456f,509
2026-03-02,5ae263a0-a0de-4865-984b-8f31093273a3,280
2026-03-02,6d4a276e-ea46-4f46-9523-a4696e2401f4,123
2026-03-02,94283eb1-1637-4e38-9cc7-4d6ea1c33ea7,273
2026-03-02,64179c96-81dd-4512-84b9-0e5ac72476d1,119
2026-03-02,76496209-9117-46e3-a43e-a7331e91c8cf,93
2026-03-02,f81f44b3-6d11-4099-8724-be967cef680e,237
2026-03-02,bf4ab8f3-74f9-4210-acb8-60e4f9e8c03b,103
2026-03-02,ae6755f4-0a84-45c9-8038-68bc9aa2e54d,366
2026-03-02,17a0ddd8-81e9-463f-8e82-7166faa583d7,23
2026-03-02,8ce3e51b-aa19-43e6-84e9-520fc55a154b,389
2026-03-03,9e3ce1c2-94e9-4bd1-8eca-8ef9d70e7ae3,104
2026-03-03,4ef7b90d-cbaa-4851-b161-fa168a8b8c20,55
2026-03-03,66b49cb5-9af2-4dd0-8603-27b32517a23e,481
2026-03-03,f81f44b3-6d11-4099-8724-be967cef680e,239
2026-03-03,61ace082-5bf0-4f51-91e6-4b42485905fb,238
2026-03-03,83746f38-fe1c-458c-aa48-d27c72ae4b4f,51
2026-03-03,ee7d5d3f-2ceb-4ce6-b5ed-21bc75705297,150
2026-03-03,aa453f97-467d-46d0-8a9b-862716b6758f,7
2026-03-03,01bca73b-8319-4754-9676-21a744f0a632,47
2026-03-03,23a81ae8-9bed-4b1e-9b4d-e31dbdf3d8b4,32
2026-03-03,da1b3af3-60c8-42f8-9e44-ff16d31c005e,15
2026-03-03,03d1d1c6-d015-412d-b885-0a3d53e5aba1,106
2026-03-03,3802c5dd-f943-4702-86f2-eb7c7d3f0693,92
2026-03-03,71a0e3d8-007b-431f-abe9-00610dec6234,102
2026-03-03,ad252533-6734-4e2a-9bb5-0625c602e357,14
2026-03-03,86573017-2b63-41a3-8ff2-9b2e95a0acae,74
2026-03-03,17a0ddd8-81e9-463f-8e82-7166faa583d7,24
2026-03-03,2cf388bb-63b5-4c4a-a049-f4a59c911664,202
2026-03-03,e70fe5b9-2e25-40d0-8d8b-95496cd98d0a,110
2026-03-03,8ce3e51b-aa19-43e6-84e9-520fc55a154b,120
2026-03-04,27119f21-4ec9-47df-809f-cab68bbeb105,154
2026-03-04,f676dbac-a8de-4c4c-bce7-7b9c3029c99b,273
2026-03-04,14916d83-2ab0-4da4-987f-82c151e90bdc,193
2026-03-04,9e3ce1c2-94e9-4bd1-8eca-8ef9d70e7ae3,105
2026-03-04,ad252533-6734-4e2a-9bb5-0625c602e357,16
2026-03-04,778f5d64-20d9-46c9-ac6b-78127b8a18a6,143
2026-03-04,3802c5dd-f943-4702-86f2-eb7c7d3f0693,47
2026-03-04,71a0e3d8-007b-431f-abe9-00610dec6234,108
2026-03-04,1ef46aa7-7ec8-4fd0-bdd3-f54d763dc528,96
2026-03-04,a3ef1949-579e-4904-b56d-94d5ef3f52f9,97
2026-03-04,bf6804bd-0f80-4f00-a4d9-ff7d6d181685,158
2026-03-04,95a18ada-4bd1-4d2d-87d2-eeea84357ae9,85
2026-03-04,f87abd85-9f75-43d3-b942-cd1ace8d82df,85
2026-03-04,ba8c9037-f5ad-4fc7-b6de-13d4b7827f39,86
2026-03-04,71a0e3d8-007b-431f-abe9-00610dec6234,59
2026-03-04,cc703e15-a93c-423c-a368-1ed17f5bca2c,198
2026-03-04,76496209-9117-46e3-a43e-a7331e91c8cf,83
2026-03-04,66b49cb5-9af2-4dd0-8603-27b32517a23e,238
2026-03-04,61ace082-5bf0-4f51-91e6-4b42485905fb,114
2026-03-04,b71941cd-cef0-4be8-9103-a0fe3079bf69,92
2026-03-04,252ce64a-c388-4d83-a996-dffe7b70b39d,118
2026-03-04,a366258a-bc11-4ab8-a77f-7b709ef9535e,743
2026-03-04,d29aa157-a13e-49b2-acbd-0751817a413a,227
2026-03-04,99a7d335-ad92-4e5b-835a-61d8c69ba4f0,133
2026-03-05,778f5d64-20d9-46c9-ac6b-78127b8a18a6,29
2026-03-05,1ef46aa7-7ec8-4fd0-bdd3-f54d763dc528,66
2026-03-05,ad252533-6734-4e2a-9bb5-0625c602e357,12
2026-03-05,71a0e3d8-007b-431f-abe9-00610dec6234,65
2026-03-05,03d1d1c6-d015-412d-b885-0a3d53e5aba1,394
2026-03-05,964a7b53-d151-48ed-9ff2-f97bfe1fc39a,81
2026-03-05,22e69462-372c-4f00-aa95-d2bceb6df30d,350
2026-03-05,fb4731ad-aa5f-42b7-a66c-5e6c627afb51,82
2026-03-05,9592efa6-7150-4fd4-9590-4d34231d13f3,10
2026-03-05,aa0d17d0-88c8-42a8-9337-1fd0b0adeb51,127
2026-03-05,6fd18858-df49-4dac-bdfe-4cdaa313c8b8,335
2026-03-05,02e64c63-8d6e-416d-ad15-26d3201b1718,64
2026-03-05,b4c15d05-bbb5-48b2-baab-b768b69c9af4,75
2026-03-05,8aa31ace-d03e-4d5e-8605-51c8a30ec2a6,189
2026-03-05,bf6804bd-0f80-4f00-a4d9-ff7d6d181685,115
2026-03-05,efa35228-7ac9-47a8-8587-6f26024c9799,152
2026-03-06,d8bbeef7-d11a-4562-8350-82028b8e8c1d,172
2026-03-06,f4825542-8457-4acd-b64d-44564f86b788,671
2026-03-06,df3afbac-e27f-4aaa-9d82-ad4d8288ca91,42
2026-03-06,9e3ce1c2-94e9-4bd1-8eca-8ef9d70e7ae3,31
2026-03-06,14916d83-2ab0-4da4-987f-82c151e90bdc,274
2026-03-06,679cfcde-72ee-4ccf-b8cc-0dffc1e054e0,90
2026-03-06,27119f21-4ec9-47df-809f-cab68bbeb105,176
2026-03-06,ab2da2b7-3e30-4795-9cfa-eeab736149ab,35
2026-03-06,ae4c36c1-f8a7-4ae0-bab9-badf6098ccc3,30
2026-03-06,38fec701-24e7-4143-b0f9-78e5f0954153,24
2026-03-06,ad252533-6734-4e2a-9bb5-0625c602e357,26
2026-03-06,1ef46aa7-7ec8-4fd0-bdd3-f54d763dc528,330
2026-03-06,3802c5dd-f943-4702-86f2-eb7c7d3f0693,38
2026-03-06,71a0e3d8-007b-431f-abe9-00610dec6234,82
2026-03-06,10c97f5a-d9dd-4b5b-bc22-84206756e57f,215
2026-03-06,94283eb1-1637-4e38-9cc7-4d6ea1c33ea7,133
2026-03-06,112eeeec-d240-48f0-adca-10d2c033ebe8,572
2026-03-06,d93d39bd-624c-4341-a782-9ef64bc324d1,413
2026-03-06,679cfcde-72ee-4ccf-b8cc-0dffc1e054e0,86
2026-03-06,c027e883-a7e5-4a45-8917-7c47839ddbb8,837
2026-03-06,778f5d64-20d9-46c9-ac6b-78127b8a18a6,85
2026-03-06,ad252533-6734-4e2a-9bb5-0625c602e357,8
2026-03-06,03d1d1c6-d015-412d-b885-0a3d53e5aba1,492
2026-03-06,1ef46aa7-7ec8-4fd0-bdd3-f54d763dc528,60
2026-03-06,4191b6b0-e937-4db3-9727-a31104f59109,6
2026-03-06,04d12044-98c0-4912-8061-a4448009bf4f,450
2026-03-07,83746f38-fe1c-458c-aa48-d27c72ae4b4f,194
2026-03-07,76496209-9117-46e3-a43e-a7331e91c8cf,79
2026-03-07,b71941cd-cef0-4be8-9103-a0fe3079bf69,124
2026-03-07,f9e12bbe-ad03-495f-9e96-3eaf76051a5c,299
2026-03-07,61ace082-5bf0-4f51-91e6-4b42485905fb,198
2026-03-07,66b49cb5-9af2-4dd0-8603-27b32517a23e,123
2026-03-07,76496209-9117-46e3-a43e-a7331e91c8cf,219
2026-03-07,cc703e15-a93c-423c-a368-1ed17f5bca2c,175
2026-03-07,e6c7a179-2257-4723-874e-6954c0bc34c3,34
2026-03-07,23a81ae8-9bed-4b1e-9b4d-e31dbdf3d8b4,10
2026-03-07,4c60e7ea-8fbe-48cc-9a88-55a3b47fdf0f,550
2026-03-07,a366258a-bc11-4ab8-a77f-7b709ef9535e,122
2026-03-07,d29aa157-a13e-49b2-acbd-0751817a413a,157
2026-03-07,e09612d4-61e8-4b06-9c0c-2aa6bf99a368,21
2026-03-07,18cb106c-9908-4d00-a75f-8f3a484f7566,176
2026-03-07,374227e6-7515-4c7d-800f-873a417da598,35
2026-03-07,f92bd031-c396-4704-8ae1-9c3ccf18d4c1,13
2026-03-07,9d026919-e757-4793-91da-f1693e924ef8,99
2026-03-07,b71941cd-cef0-4be8-9103-a0fe3079bf69,114
2026-03-07,66b49cb5-9af2-4dd0-8603-27b32517a23e,296
2026-03-07,61ace082-5bf0-4f51-91e6-4b42485905fb,463
2026-03-07,bf4ab8f3-74f9-4210-acb8-60e4f9e8c03b,216
2026-03-07,a5778b60-522c-453e-8db0-8b525b6c521b,53
2026-03-07,e68e609d-4a46-49d5-9d1f-178b6ac661b5,85
2026-03-07,f4a090a0-05ac-4d44-9637-7a41a632a0b1,187
2026-03-08,b5b07eba-a649-4f76-a48f-fcfed53d3f00,51
2026-03-08,f92bd031-c396-4704-8ae1-9c3ccf18d4c1,43
2026-03-08,18cb106c-9908-4d00-a75f-8f3a484f7566,79
2026-03-08,cdb20350-f2fd-4d39-8966-1a0a9c8a6c02,142
2026-03-08,99a7d335-ad92-4e5b-835a-61d8c69ba4f0,24
2026-03-08,c027e883-a7e5-4a45-8917-7c47839ddbb8,235
2026-03-08,07133c2e-2543-463e-8191-cd6bb8f7287e,188
2026-03-08,2d94fbae-79c5-4d8d-a360-b78771b35d5c,111
2026-03-08,b74ba8d3-80c8-4730-8643-4c6820d0d7c6,22
2026-03-08,da1b3af3-60c8-42f8-9e44-ff16d31c005e,58
2026-03-08,f8a1abfc-21ea-4af9-b259-15e15effe3f5,301
2026-03-08,81a8d0f2-a3bc-48dd-b60f-7d1ee3bb61de,132
2026-03-09,648dc2dc-e803-461c-bc73-8a902bc03bf7,47
2026-03-09,22e69462-372c-4f00-aa95-d2bceb6df30d,90
2026-03-09,4191b6b0-e937-4db3-9727-a31104f59109,2
2026-03-09,04d12044-98c0-4912-8061-a4448009bf4f,478
2026-03-09,17a0ddd8-81e9-463f-8e82-7166faa583d7,40
2026-03-09,d29aa157-a13e-49b2-acbd-0751817a413a,74
2026-03-09,45568dad-1858-4617-a71c-de9f6573cc88,11
2026-03-09,bf4ab8f3-74f9-4210-acb8-60e4f9e8c03b,75
2026-03-09,a5778b60-522c-453e-8db0-8b525b6c521b,86
2026-03-09,47f738a2-2464-4820-a74e-15afa67bd937,229
2026-03-09,7ef1ac2a-43e2-438a-b041-ea93cc788698,20
2026-03-09,86141946-3529-45d0-be22-fad94e49cffc,135
2026-03-09,63143f6b-dba6-4849-b7fa-fd40b1006177,107
2026-03-09,67ce978f-aa73-4c6d-ac4b-2fb98eac2690,246
2026-03-09,2d94fbae-79c5-4d8d-a360-b78771b35d5c,52
2026-03-09,eceabf31-0905-40b6-ae43-e5b0872e4c09,38
2026-03-09,bf6804bd-0f80-4f00-a4d9-ff7d6d181685,302
2026-03-10,404fbbae-9030-4ae2-83f7-4c372611308a,20
2026-03-10,ef94ba9d-5e5f-400f-9dab-a1990cc66009,372
2026-03-10,1ef46aa7-7ec8-4fd0-bdd3-f54d763dc528,79
2026-03-10,778f5d64-20d9-46c9-ac6b-78127b8a18a6,202
2026-03-10,ad252533-6734-4e2a-9bb5-0625c602e357,4
2026-03-10,3802c5dd-f943-4702-86f2-eb7c7d3f0693,178
2026-03-10,fdb15293-1b9b-4ca3-851a-b8039c363f95,386
2026-03-10,cbb46431-2527-437e-9634-16b58be0b920,75
2026-03-10,e2710b9e-522c-454d-9fdf-85a0d62d3635,88
2026-03-10,141bb373-2003-44a2-97d4-2497d9f1b353,33
2026-03-10,61ace082-5bf0-4f51-91e6-4b42485905fb,142
2026-03-10,83746f38-fe1c-458c-aa48-d27c72ae4b4f,332
2026-03-10,bf6804bd-0f80-4f00-a4d9-ff7d6d181685,181
2026-03-10,b4c15d05-bbb5-48b2-baab-b768b69c9af4,454
2026-03-10,de94f72b-ef10-44ca-8039-4de1c00ed98e,163
2026-03-10,45568dad-1858-4617-a71c-de9f6573cc88,2
2026-03-10,4c60e7ea-8fbe-48cc-9a88-55a3b47fdf0f,293
2026-03-10,252ce64a-c388-4d83-a996-dffe7b70b39d,302
2026-03-10,d29aa157-a13e-49b2-acbd-0751817a413a,65
2026-03-10,e68e609d-4a46-49d5-9d1f-178b6ac661b5,231
2026-03-11,5feef123-1d15-4bf7-9d44-ae57ba3cb8d2,119
2026-03-11,d8bbeef7-d11a-4562-8350-82028b8e8c1d,52
2026-03-11,360d7a24-ee57-49db-b95a-6c07a781cdbc,40
2026-03-11,ae4c36c1-f8a7-4ae0-bab9-badf6098ccc3,30
2026-03-11,d3272d23-12fb-4b9e-bb56-9aa3b17230c2,339
2026-03-11,206a78bf-c617-41dc-a059-db62641d56fb,211
2026-03-11,c3380f15-533f-4ead-ad89-ab854764664f,349
2026-03-11,66b49cb5-9af2-4dd0-8603-27b32517a23e,415
2026-03-11,61ace082-5bf0-4f51-91e6-4b42485905fb,162
2026-03-11,cbb46431-2527-437e-9634-16b58be0b920,185
2026-03-11,94283eb1-1637-4e38-9cc7-4d6ea1c33ea7,101
2026-03-11,0c1d3680-6b2b-4706-96d2-6fdbdd058c20,174
2026-03-11,6d4a276e-ea46-4f46-9523-a4696e2401f4,53
2026-03-12,76496209-9117-46e3-a43e-a7331e91c8cf,92
2026-03-12,b71941cd-cef0-4be8-9103-a0fe3079bf69,174
2026-03-12,83746f38-fe1c-458c-aa48-d27c72ae4b4f,237
2026-03-12,71a0e3d8-007b-431f-abe9-00610dec6234,32
2026-03-12,778f5d64-20d9-46c9-ac6b-78127b8a18a6,35
2026-03-12,1ef46aa7-7ec8-4fd0-bdd3-f54d763dc528,383
2026-03-12,ad252533-6734-4e2a-9bb5-0625c602e357,8
2026-03-12,71a0e3d8-007b-431f-abe9-00610dec6234,108
2026-03-12,f8a1abfc-21ea-4af9-b259-15e15effe3f5,241
2026-03-12,b74ba8d3-80c8-4730-8643-4c6820d0d7c6,43
2026-03-12,da1b3af3-60c8-42f8-9e44-ff16d31c005e,56
2026-03-12,e6c7a179-2257-4723-874e-6954c0bc34c3,36
2026-03-12,2d94fbae-79c5-4d8d-a360-b78771b35d5c,56
2026-03-12,de7cdbcb-579e-410b-a760-24bc39b38da0,9
2026-03-12,aa453f97-467d-46d0-8a9b-862716b6758f,31
2026-03-12,b74ba8d3-80c8-4730-8643-4c6820d0d7c6,15
2026-03-12,f3811631-3343-45b1-b01c-8fcf4b63df6f,112
2026-03-12,404fbbae-9030-4ae2-83f7-4c372611308a,80
2026-03-12,66b49cb5-9af2-4dd0-8603-27b32517a23e,596
2026-03-12,cc703e15-a93c-423c-a368-1ed17f5bca2c,311
2026-03-12,61ace082-5bf0-4f51-91e6-4b42485905fb,298
2026-03-12,83746f38-fe1c-458c-aa48-d27c72ae4b4f,83
2026-03-12,f81f44b3-6d11-4099-8724-be967cef680e,76
2026-03-12,2cf388bb-63b5-4c4a-a049-f4a59c911664,110
2026-03-12,bd8ecf4e-4016-4cc1-9015-30ef7492ee7d,29
2026-03-12,f9e39ee3-31b7-44ed-8c71-87c2b0704fa7,86
2026-03-12,94283eb1-1637-4e38-9cc7-4d6ea1c33ea7,181
2026-03-12,e2710b9e-522c-454d-9fdf-85a0d62d3635,397
2026-03-12,0c1d3680-6b2b-4706-96d2-6fdbdd058c20,143
2026-03-12,5ae263a0-a0de-4865-984b-8f31093273a3,154
2026-03-13,e8dcbc25-4974-4865-a9a6-67f06fd9d66a,78
2026-03-13,e62cb075-1f77-48dc-b1a5-da48603d5373,327
2026-03-13,2af91dad-5aca-4017-a69a-c58079de6327,367
2026-03-13,86f7963d-1572-469d-8490-5b0a8917dd7d,521
2026-03-13,a6fcde18-1e70-4a84-b37b-23a6de607ef1,155
2026-03-13,782ff122-c203-45cd-b076-7ed6c79050a2,85
2026-03-13,35c06479-7b7c-4445-a7c2-67c7bcb4a2ce,13
2026-03-13,cc703e15-a93c-423c-a368-1ed17f5bca2c,97
2026-03-13,66b49cb5-9af2-4dd0-8603-27b32517a23e,179
2026-03-13,76496209-9117-46e3-a43e-a7331e91c8cf,143
2026-03-13,b71941cd-cef0-4be8-9103-a0fe3079bf69,597
2026-03-13,141bb373-2003-44a2-97d4-2497d9f1b353,17
2026-03-13,cd181a41-f978-4b5b-8884-a51ac578daeb,234
2026-03-13,e2710b9e-522c-454d-9fdf-85a0d62d3635,207
2026-03-13,cbb46431-2527-437e-9634-16b58be0b920,76
2026-03-13,1affea36-1fba-40b8-b983-cdd3252ec255,152
2026-03-13,c91ceb0b-bcb9-413d-aec7-12977299c128,559
2026-03-13,5a535be5-c64e-42d5-b75d-310ba6017940,20
2026-03-13,8e783dc6-4f6d-4d76-8b14-4581da2942a5,30
2026-03-13,fe00416c-6bd0-4e79-9df2-0278bd29e32f,14
2026-03-13,7359c823-539c-4f1b-88c3-4687fa01efa9,18
2026-03-13,3acfef8b-4f6c-4973-b939-5b907594e727,34
2026-03-13,123e3ea5-9992-4fa2-a63a-69d4a5c20d5d,85
2026-03-13,bf4ab8f3-74f9-4210-acb8-60e4f9e8c03b,515
2026-03-13,91196896-69b7-4438-9c66-d66c13521cf8,105
2026-03-13,32a07c13-aec4-4e15-823b-ebd2913af9c0,40
2026-03-13,d29aa157-a13e-49b2-acbd-0751817a413a,37
2026-03-13,1b56ceb0-5f94-442e-838b-0b577b8ecd09,232
2026-03-13,45568dad-1858-4617-a71c-de9f6573cc88,13
2026-03-13,bd950d7b-e670-4d8b-9afa-17b960aeb030,108
2026-03-13,06a9fcf8-9895-4dac-835d-6538afb50488,665
2026-03-14,86141946-3529-45d0-be22-fad94e49cffc,263
2026-03-14,63143f6b-dba6-4849-b7fa-fd40b1006177,85
2026-03-14,cf72d969-48aa-432b-8ea6-a1092a5d739f,69
2026-03-14,7ef1ac2a-43e2-438a-b041-ea93cc788698,21
2026-03-14,75eea4f5-3c4c-48ee-bcc2-a02ca1aa0707,146
2026-03-14,c027e883-a7e5-4a45-8917-7c47839ddbb8,132
2026-03-14,07ac2356-0f30-4114-9a6c-dc7543f0e44e,290
2026-03-14,86573017-2b63-41a3-8ff2-9b2e95a0acae,53
2026-03-14,b1968ac2-686b-433c-b6fb-12d2f359f1fd,27
2026-03-14,f616bdc7-2657-48bb-b11c-755bd213dc54,122
2026-03-14,e62cb075-1f77-48dc-b1a5-da48603d5373,66
2026-03-14,a6fcde18-1e70-4a84-b37b-23a6de607ef1,226
2026-03-14,fe00416c-6bd0-4e79-9df2-0278bd29e32f,36
2026-03-14,10c97f5a-d9dd-4b5b-bc22-84206756e57f,75
2026-03-14,0c1d3680-6b2b-4706-96d2-6fdbdd058c20,364
2026-03-14,ba8c9037-f5ad-4fc7-b6de-13d4b7827f39,82
2026-03-14,23a81ae8-9bed-4b1e-9b4d-e31dbdf3d8b4,22
2026-03-14,aa453f97-467d-46d0-8a9b-862716b6758f,16
2026-03-14,ef94ba9d-5e5f-400f-9dab-a1990cc66009,292
2026-03-14,252ce64a-c388-4d83-a996-dffe7b70b39d,82
2026-03-14,1b56ceb0-5f94-442e-838b-0b577b8ecd09,329
2026-03-14,06a9fcf8-9895-4dac-835d-6538afb50488,173
2026-03-14,4c60e7ea-8fbe-48cc-9a88-55a3b47fdf0f,329
2026-03-14,c027e883-a7e5-4a45-8917-7c47839ddbb8,291
2026-03-14,d950c181-da46-4628-9726-ac2b31fe2de7,266
2026-03-14,67ce978f-aa73-4c6d-ac4b-2fb98eac2690,41
2026-03-14,2d94fbae-79c5-4d8d-a360-b78771b35d5c,106
2026-03-14,3802c5dd-f943-4702-86f2-eb7c7d3f0693,63
2026-03-14,be72ee8c-bb1d-4015-a030-58d0e97847b8,213
2026-03-15,ad252533-6734-4e2a-9bb5-0625c602e357,10
2026-03-15,778f5d64-20d9-46c9-ac6b-78127b8a18a6,27
2026-03-15,03d1d1c6-d015-412d-b885-0a3d53e5aba1,251
2026-03-15,71a0e3d8-007b-431f-abe9-00610dec6234,275
2026-03-15,3802c5dd-f943-4702-86f2-eb7c7d3f0693,36
2026-03-15,71a0e3d8-007b-431f-abe9-00610dec6234,36
2026-03-15,778f5d64-20d9-46c9-ac6b-78127b8a18a6,179
2026-03-15,f9e12bbe-ad03-495f-9e96-3eaf76051a5c,82
2026-03-15,9605a25f-c7ea-46d9-b1c5-e066ca259375,240
2026-03-15,9592efa6-7150-4fd4-9590-4d34231d13f3,3
2026-03-15,7b747786-8c10-44f4-be88-9229187d7f8d,291
2026-03-15,4df48154-703c-4882-988d-115a81788920,216
2026-03-15,919732f7-70f8-4671-a8fb-da97278e9655,39
2026-03-15,5ec20ed9-51f2-4b36-ace4-1c00b0af731f,136
2026-03-15,e6c7a179-2257-4723-874e-6954c0bc34c3,67
2026-03-15,cd48df7f-84b6-427f-8d13-50ba131a4408,362
2026-03-15,de7cdbcb-579e-410b-a760-24bc39b38da0,16
2026-03-15,112eeeec-d240-48f0-adca-10d2c033ebe8,448
2026-03-15,648dc2dc-e803-461c-bc73-8a902bc03bf7,12
2026-03-15,8dc6d9a0-e2c5-4e96-83b4-29242b570a05,158
2026-03-15,2cf388bb-63b5-4c4a-a049-f4a59c911664,54
2026-03-15,86573017-2b63-41a3-8ff2-9b2e95a0acae,128
2026-03-15,c027e883-a7e5-4a45-8917-7c47839ddbb8,372
2026-03-15,07133c2e-2543-463e-8191-cd6bb8f7287e,114
2026-03-15,2d94fbae-79c5-4d8d-a360-b78771b35d5c,67
2026-03-15,500b5b48-7fa0-4f5b-b016-07a3478b49d1,92
2026-03-15,eceabf31-0905-40b6-ae43-e5b0872e4c09,126
2026-03-15,1da86d07-48dc-479d-8d08-b6e45f65b698,262
2026-03-15,3420a80f-fd95-4a33-9bf0-c65aaaafd6cc,123
2026-03-15,df1decca-4744-45d6-bac8-18b79254aa45,322
2026-03-15,398a415a-fdb0-40ba-be8e-66a1a5814e6d,259
2026-03-16,0a142a36-c6fc-4135-a6ee-4d91835fae32,126
2026-03-16,8e34005a-aae1-42c3-bd31-a44d9fc1f6d6,229
2026-03-16,a2bd5b08-abe8-4abb-ab71-ffedf51ebc63,654
2026-03-16,c3380f15-533f-4ead-ad89-ab854764664f,301
2026-03-16,f81f44b3-6d11-4099-8724-be967cef680e,347
2026-03-16,86141946-3529-45d0-be22-fad94e49cffc,130
2026-03-16,da1b3af3-60c8-42f8-9e44-ff16d31c005e,9
2026-03-16,aa453f97-467d-46d0-8a9b-862716b6758f,6
2026-03-16,19f6addb-88f1-4b8a-bc19-abeb6202db19,310
2026-03-16,5ae263a0-a0de-4865-984b-8f31093273a3,159
2026-03-16,94283eb1-1637-4e38-9cc7-4d6ea1c33ea7,353
2026-03-16,fdb15293-1b9b-4ca3-851a-b8039c363f95,164
2026-03-16,500b5b48-7fa0-4f5b-b016-07a3478b49d1,128
2026-03-16,2d94fbae-79c5-4d8d-a360-b78771b35d5c,60
2026-03-16,949d0b72-ce6e-459b-89dd-b0f710043b58,166
2026-03-16,975ea67f-2c6c-46d0-b74c-a53dc7e42ea2,304
2026-03-16,112eeeec-d240-48f0-adca-10d2c033ebe8,116
2026-03-16,df209978-c391-44ad-8492-9386ea6cdfb4,4
2026-03-16,d83fdf93-3f8a-4715-b832-0879fd96f16a,20
2026-03-16,e8dcbc25-4974-4865-a9a6-67f06fd9d66a,123
2026-03-16,a6fcde18-1e70-4a84-b37b-23a6de607ef1,41
2026-03-17,eceabf31-0905-40b6-ae43-e5b0872e4c09,95
2026-03-17,500b5b48-7fa0-4f5b-b016-07a3478b49d1,57
2026-03-17,d950c181-da46-4628-9726-ac2b31fe2de7,526
2026-03-17,07133c2e-2543-463e-8191-cd6bb8f7287e,301
2026-03-17,f81f44b3-6d11-4099-8724-be967cef680e,41
2026-03-17,cc703e15-a93c-423c-a368-1ed17f5bca2c,92
2026-03-17,66b49cb5-9af2-4dd0-8603-27b32517a23e,78
2026-03-17,b71941cd-cef0-4be8-9103-a0fe3079bf69,149
2026-03-17,f5c9e395-2684-4dfa-a6f9-d625dd6a0ccc,44
2026-03-17,6d4a276e-ea46-4f46-9523-a4696e2401f4,141
2026-03-17,94283eb1-1637-4e38-9cc7-4d6ea1c33ea7,188
2026-03-17,0c1d3680-6b2b-4706-96d2-6fdbdd058c20,148
2026-03-17,a366258a-bc11-4ab8-a77f-7b709ef9535e,259
2026-03-17,f4a090a0-05ac-4d44-9637-7a41a632a0b1,134
2026-03-17,cdb20350-f2fd-4d39-8966-1a0a9c8a6c02,864
2026-03-17,7ef1ac2a-43e2-438a-b041-ea93cc788698,58
2026-03-17,0578efd6-4fe9-4815-b5eb-df9c15366b2d,392
2026-03-17,ba8c9037-f5ad-4fc7-b6de-13d4b7827f39,126
2026-03-17,8aa31ace-d03e-4d5e-8605-51c8a30ec2a6,148
2026-03-17,1570de8f-5233-4dad-a014-c57c7d2b30cd,30
2026-03-17,cc703e15-a93c-423c-a368-1ed17f5bca2c,332
2026-03-17,9d3ce992-9687-4a1f-877f-8713f55d70dc,187
2026-03-17,cdb20350-f2fd-4d39-8966-1a0a9c8a6c02,158
2026-03-17,135da2c0-7f30-4692-a5e6-8a910355c8a3,587
2026-03-17,9d026919-e757-4793-91da-f1693e924ef8,517
2026-03-17,d950c181-da46-4628-9726-ac2b31fe2de7,515
2026-03-17,c027e883-a7e5-4a45-8917-7c47839ddbb8,307
2026-03-17,61ace082-5bf0-4f51-91e6-4b42485905fb,214
2026-03-17,76496209-9117-46e3-a43e-a7331e91c8cf,382
2026-03-17,b71941cd-cef0-4be8-9103-a0fe3079bf69,410
2026-03-18,d950c181-da46-4628-9726-ac2b31fe2de7,84
2026-03-18,07133c2e-2543-463e-8191-cd6bb8f7287e,171
2026-03-18,c027e883-a7e5-4a45-8917-7c47839ddbb8,279
2026-03-18,500b5b48-7fa0-4f5b-b016-07a3478b49d1,173
2026-03-18,67ce978f-aa73-4c6d-ac4b-2fb98eac2690,80
2026-03-18,eceabf31-0905-40b6-ae43-e5b0872e4c09,40
2026-03-18,bf4ab8f3-74f9-4210-acb8-60e4f9e8c03b,114
2026-03-18,252ce64a-c388-4d83-a996-dffe7b70b39d,68
2026-03-18,f4a090a0-05ac-4d44-9637-7a41a632a0b1,172
2026-03-18,bf6804bd-0f80-4f00-a4d9-ff7d6d181685,65
2026-03-18,a3ef1949-579e-4904-b56d-94d5ef3f52f9,51
2026-03-18,6fd18858-df49-4dac-bdfe-4cdaa313c8b8,136
2026-03-18,639b6b77-33b1-44cd-87bc-c04598303533,78
2026-03-18,eceabf31-0905-40b6-ae43-e5b0872e4c09,97
2026-03-18,5feef123-1d15-4bf7-9d44-ae57ba3cb8d2,179
2026-03-18,4ef7b90d-cbaa-4851-b161-fa168a8b8c20,215
2026-03-18,02fdcd0f-70a0-4ee4-ab03-bea802a616a7,156
2026-03-18,14916d83-2ab0-4da4-987f-82c151e90bdc,67
2026-03-19,642d3481-4416-4fe2-af1e-87fb9e23a2de,17
2026-03-19,ef94ba9d-5e5f-400f-9dab-a1990cc66009,419
2026-03-19,e6c7a179-2257-4723-874e-6954c0bc34c3,17
2026-03-19,b74ba8d3-80c8-4730-8643-4c6820d0d7c6,68
2026-03-19,e70fe5b9-2e25-40d0-8d8b-95496cd98d0a,114
2026-03-19,ae6755f4-0a84-45c9-8038-68bc9aa2e54d,129
2026-03-19,60bbfd54-deb8-4820-bda2-7d5f23c5ac71,92
2026-03-19,443830d6-2116-457e-a59e-07929a7e581c,91
2026-03-19,2cf388bb-63b5-4c4a-a049-f4a59c911664,155
2026-03-20,cd181a41-f978-4b5b-8884-a51ac578daeb,148
2026-03-20,36f2be10-0e48-44ff-9638-0dc4b31e52e8,16
2026-03-20,e2834a5e-d6e4-47e5-b624-6fb44b71170d,391
2026-03-20,5ae263a0-a0de-4865-984b-8f31093273a3,50
2026-03-20,f5c9e395-2684-4dfa-a6f9-d625dd6a0ccc,46
2026-03-20,a366258a-bc11-4ab8-a77f-7b709ef9535e,440
2026-03-20,bd950d7b-e670-4d8b-9afa-17b960aeb030,95
2026-03-20,bf4ab8f3-74f9-4210-acb8-60e4f9e8c03b,188
2026-03-20,5ae263a0-a0de-4865-984b-8f31093273a3,204
2026-03-20,f5c9e395-2684-4dfa-a6f9-d625dd6a0ccc,126
2026-03-20,0c1d3680-6b2b-4706-96d2-6fdbdd058c20,502
2026-03-20,e2834a5e-d6e4-47e5-b624-6fb44b71170d,354
2026-03-20,3420a80f-fd95-4a33-9bf0-c65aaaafd6cc,731
2026-03-20,398a415a-fdb0-40ba-be8e-66a1a5814e6d,39
2026-03-20,a39dcecc-003b-4169-b8e2-9414f8e93564,107
2026-03-20,d83fdf93-3f8a-4715-b832-0879fd96f16a,21
2026-03-20,df209978-c391-44ad-8492-9386ea6cdfb4,12
2026-03-20,d83fdf93-3f8a-4715-b832-0879fd96f16a,10
2026-03-20,06a9fcf8-9895-4dac-835d-6538afb50488,96
2026-03-20,252ce64a-c388-4d83-a996-dffe7b70b39d,136
2026-03-20,a5778b60-522c-453e-8db0-8b525b6c521b,302
2026-03-20,f4a090a0-05ac-4d44-9637-7a41a632a0b1,90
2026-03-20,c9c80692-34c5-466a-b280-f3e36aba9e0e,271
2026-03-20,c94f25f5-1a66-455b-809a-3169e6eddd38,105
2026-03-20,f676dbac-a8de-4c4c-bce7-7b9c3029c99b,280
2026-03-20,70f1b94f-9910-4134-9f5b-2140284aaada,95
2026-03-20,e796efe1-37ba-40b8-82e3-30cc2b0bfe6b,37
2026-03-20,639b6b77-33b1-44cd-87bc-c04598303533,240
2026-03-20,443830d6-2116-457e-a59e-07929a7e581c,46
2026-03-20,8dc6d9a0-e2c5-4e96-83b4-29242b570a05,40
2026-03-21,38fec701-24e7-4143-b0f9-78e5f0954153,70
2026-03-21,ae4c36c1-f8a7-4ae0-bab9-badf6098ccc3,47
2026-03-21,c53f0023-f635-44ad-a767-65c3d470725c,143
2026-03-21,17a0ddd8-81e9-463f-8e82-7166faa583d7,36
2026-03-21,782ff122-c203-45cd-b076-7ed6c79050a2,72
2026-03-21,bd8ecf4e-4016-4cc1-9015-30ef7492ee7d,40
2026-03-21,86573017-2b63-41a3-8ff2-9b2e95a0acae,236
2026-03-21,fe00416c-6bd0-4e79-9df2-0278bd29e32f,14
2026-03-21,a6fcde18-1e70-4a84-b37b-23a6de607ef1,59
2026-03-21,f616bdc7-2657-48bb-b11c-755bd213dc54,80
2026-03-21,b1968ac2-686b-433c-b6fb-12d2f359f1fd,185
2026-03-21,1b56ceb0-5f94-442e-838b-0b577b8ecd09,195
2026-03-21,bf4ab8f3-74f9-4210-acb8-60e4f9e8c03b,77
2026-03-21,66b49cb5-9af2-4dd0-8603-27b32517a23e,197
2026-03-21,76496209-9117-46e3-a43e-a7331e91c8cf,169
2026-03-21,b71941cd-cef0-4be8-9103-a0fe3079bf69,507
2026-03-21,f81f44b3-6d11-4099-8724-be967cef680e,86
2026-03-21,61ace082-5bf0-4f51-91e6-4b42485905fb,192
2026-03-21,6d959996-8c2b-4f67-97ab-fd007177628c,6
2026-03-21,9592efa6-7150-4fd4-9590-4d34231d13f3,9
2026-03-21,534165af-2d84-4e06-b704-49fdbf0a9d28,95
2026-03-21,f9e12bbe-ad03-495f-9e96-3eaf76051a5c,234
2026-03-22,75eea4f5-3c4c-48ee-bcc2-a02ca1aa0707,289
2026-03-22,67ce978f-aa73-4c6d-ac4b-2fb98eac2690,332
2026-03-22,eceabf31-0905-40b6-ae43-e5b0872e4c09,114
2026-03-22,c027e883-a7e5-4a45-8917-7c47839ddbb8,97
2026-03-22,8e783dc6-4f6d-4d76-8b14-4581da2942a5,50
2026-03-22,f616bdc7-2657-48bb-b11c-755bd213dc54,87
2026-03-22,a8a42c97-703e-4bc2-9384-2a45a78a943b,276
2026-03-22,3420a80f-fd95-4a33-9bf0-c65aaaafd6cc,434
2026-03-22,8e783dc6-4f6d-4d76-8b14-4581da2942a5,56
2026-03-22,07133c2e-2543-463e-8191-cd6bb8f7287e,78
2026-03-22,500b5b48-7fa0-4f5b-b016-07a3478b49d1,92
2026-03-22,323c5b1e-a605-45fe-b16f-0c1d2ecbac18,53
2026-03-22,d950c181-da46-4628-9726-ac2b31fe2de7,234
2026-03-22,7ef1ac2a-43e2-438a-b041-ea93cc788698,18
2026-03-22,0578efd6-4fe9-4815-b5eb-df9c15366b2d,77
2026-03-22,63143f6b-dba6-4849-b7fa-fd40b1006177,152
2026-03-22,75eea4f5-3c4c-48ee-bcc2-a02ca1aa0707,107
2026-03-23,919732f7-70f8-4671-a8fb-da97278e9655,113
2026-03-23,70f1b94f-9910-4134-9f5b-2140284aaada,348
2026-03-23,123e3ea5-9992-4fa2-a63a-69d4a5c20d5d,40
2026-03-23,ade58c4e-4aeb-4646-9b7e-7c295f4c456f,324
2026-03-23,c2d69628-134e-4917-88a9-ea7fa1787d6d,26
2026-03-23,b1968ac2-686b-433c-b6fb-12d2f359f1fd,24
2026-03-23,70e70c34-ae14-4604-acc5-51015e2f82b3,430
2026-03-24,a6fcde18-1e70-4a84-b37b-23a6de607ef1,152
2026-03-24,398a415a-fdb0-40ba-be8e-66a1a5814e6d,169
2026-03-24,b1968ac2-686b-433c-b6fb-12d2f359f1fd,61
2026-03-24,a39dcecc-003b-4169-b8e2-9414f8e93564,73
2026-03-24,d29aa157-a13e-49b2-acbd-0751817a413a,86
2026-03-24,bd950d7b-e670-4d8b-9afa-17b960aeb030,555
2026-03-24,a5778b60-522c-453e-8db0-8b525b6c521b,74
2026-03-24,1b56ceb0-5f94-442e-838b-0b577b8ecd09,245
2026-03-24,47f738a2-2464-4820-a74e-15afa67bd937,111
2026-03-24,f92bd031-c396-4704-8ae1-9c3ccf18d4c1,9
2026-03-24,e09612d4-61e8-4b06-9c0c-2aa6bf99a368,11
2026-03-24,e6c7a179-2257-4723-874e-6954c0bc34c3,60
2026-03-24,f8a1abfc-21ea-4af9-b259-15e15effe3f5,577
2026-03-24,cd48df7f-84b6-427f-8d13-50ba131a4408,40
2026-03-24,aa453f97-467d-46d0-8a9b-862716b6758f,41
2026-03-24,c5a22f97-a170-4eab-94ef-d20088c05646,28
2026-03-24,8d577a11-cd30-49ec-b147-0204c9933520,305
2026-03-24,9592efa6-7150-4fd4-9590-4d34231d13f3,14
2026-03-24,990bd9fc-6d53-4d01-98e7-767c2181c68f,52
2026-03-24,74ab7751-16ee-44ac-be72-a3db064005ab,279
2026-03-24,cbb46431-2527-437e-9634-16b58be0b920,157
2026-03-24,fdb15293-1b9b-4ca3-851a-b8039c363f95,168
2026-03-24,19f6addb-88f1-4b8a-bc19-abeb6202db19,162
2026-03-24,be72ee8c-bb1d-4015-a030-58d0e97847b8,59
2026-03-24,1ef46aa7-7ec8-4fd0-bdd3-f54d763dc528,419
2026-03-24,778f5d64-20d9-46c9-ac6b-78127b8a18a6,27
2026-03-25,f3811631-3343-45b1-b01c-8fcf4b63df6f,26
2026-03-25,01bca73b-8319-4754-9676-21a744f0a632,35
2026-03-25,aa453f97-467d-46d0-8a9b-862716b6758f,23
2026-03-25,cd48df7f-84b6-427f-8d13-50ba131a4408,278
2026-03-25,e6c7a179-2257-4723-874e-6954c0bc34c3,104
2026-03-25,e70fe5b9-2e25-40d0-8d8b-95496cd98d0a,129
2026-03-25,60bbfd54-deb8-4820-bda2-7d5f23c5ac71,359
2026-03-25,2377c2cd-6cbf-4269-ba06-ba1978ee4c7f,59
2026-03-25,8ce3e51b-aa19-43e6-84e9-520fc55a154b,58
2026-03-25,35c06479-7b7c-4445-a7c2-67c7bcb4a2ce,19
2026-03-25,38ac85bb-bf5c-4bc7-ad5c-493d57ed4dae,157
2026-03-25,4ef7b90d-cbaa-4851-b161-fa168a8b8c20,146
2026-03-25,d8bbeef7-d11a-4562-8350-82028b8e8c1d,293
2026-03-25,360d7a24-ee57-49db-b95a-6c07a781cdbc,92
2026-03-25,34cefd16-c9fc-4f5a-b21c-06e30d9f92ba,626
2026-03-25,e68e609d-4a46-49d5-9d1f-178b6ac661b5,114
2026-03-25,a5778b60-522c-453e-8db0-8b525b6c521b,113
2026-03-25,4c60e7ea-8fbe-48cc-9a88-55a3b47fdf0f,206
2026-03-25,45568dad-1858-4617-a71c-de9f6573cc88,2
2026-03-25,778f5d64-20d9-46c9-ac6b-78127b8a18a6,240
2026-03-25,71a0e3d8-007b-431f-abe9-00610dec6234,108
2026-03-25,03d1d1c6-d015-412d-b885-0a3d53e5aba1,108
2026-03-25,3802c5dd-f943-4702-86f2-eb7c7d3f0693,54
2026-03-25,1ef46aa7-7ec8-4fd0-bdd3-f54d763dc528,346
2026-03-25,63143f6b-dba6-4849-b7fa-fd40b1006177,134
2026-03-25,86141946-3529-45d0-be22-fad94e49cffc,136
2026-03-26,35c06479-7b7c-4445-a7c2-67c7bcb4a2ce,44
2026-03-26,2cf388bb-63b5-4c4a-a049-f4a59c911664,213
2026-03-26,17a0ddd8-81e9-463f-8e82-7166faa583d7,108
2026-03-26,ae6755f4-0a84-45c9-8038-68bc9aa2e54d,363
2026-03-26,404fbbae-9030-4ae2-83f7-4c372611308a,47
2026-03-26,aa453f97-467d-46d0-8a9b-862716b6758f,29
2026-03-26,f3811631-3343-45b1-b01c-8fcf4b63df6f,45
2026-03-26,de7cdbcb-579e-410b-a760-24bc39b38da0,52
2026-03-26,f3811631-3343-45b1-b01c-8fcf4b63df6f,33
2026-03-26,01bca73b-8319-4754-9676-21a744f0a632,34
2026-03-26,c5a22f97-a170-4eab-94ef-d20088c05646,23
2026-03-26,e6c7a179-2257-4723-874e-6954c0bc34c3,36
2026-03-26,c027e883-a7e5-4a45-8917-7c47839ddbb8,423
2026-03-26,eceabf31-0905-40b6-ae43-e5b0872e4c09,91
2026-03-26,323c5b1e-a605-45fe-b16f-0c1d2ecbac18,440
2026-03-26,60bbfd54-deb8-4820-bda2-7d5f23c5ac71,509
2026-03-26,04d12044-98c0-4912-8061-a4448009bf4f,196
2026-03-26,06a9fcf8-9895-4dac-835d-6538afb50488,207
2026-03-26,a366258a-bc11-4ab8-a77f-7b709ef9535e,548
2026-03-26,45568dad-1858-4617-a71c-de9f6573cc88,8
2026-03-27,443830d6-2116-457e-a59e-07929a7e581c,86
2026-03-27,17a0ddd8-81e9-463f-8e82-7166faa583d7,28
2026-03-27,de94f72b-ef10-44ca-8039-4de1c00ed98e,245
2026-03-27,a2bd5b08-abe8-4abb-ab71-ffedf51ebc63,305
2026-03-27,206a78bf-c617-41dc-a059-db62641d56fb,87
2026-03-27,ba8c9037-f5ad-4fc7-b6de-13d4b7827f39,99
2026-03-27,c3380f15-533f-4ead-ad89-ab854764664f,109
2026-03-27,f3811631-3343-45b1-b01c-8fcf4b63df6f,39
2026-03-27,c5a22f97-a170-4eab-94ef-d20088c05646,5
2026-03-27,23a81ae8-9bed-4b1e-9b4d-e31dbdf3d8b4,51
2026-03-27,da1b3af3-60c8-42f8-9e44-ff16d31c005e,61
2026-03-27,b5b07eba-a649-4f76-a48f-fcfed53d3f00,229
2026-03-27,c5a22f97-a170-4eab-94ef-d20088c05646,34
2026-03-27,be72ee8c-bb1d-4015-a030-58d0e97847b8,478
2026-03-27,404fbbae-9030-4ae2-83f7-4c372611308a,110
2026-03-28,cd181a41-f978-4b5b-8884-a51ac578daeb,176
2026-03-28,9e3ce1c2-94e9-4bd1-8eca-8ef9d70e7ae3,109
2026-03-28,b71941cd-cef0-4be8-9103-a0fe3079bf69,362
2026-03-28,f81f44b3-6d11-4099-8724-be967cef680e,163
2026-03-28,61ace082-5bf0-4f51-91e6-4b42485905fb,66
2026-03-28,83746f38-fe1c-458c-aa48-d27c72ae4b4f,146
2026-03-28,cdb20350-f2fd-4d39-8966-1a0a9c8a6c02,129
2026-03-28,9d3ce992-9687-4a1f-877f-8713f55d70dc,521
2026-03-28,757b5fbb-eff2-43df-9a03-a50b30281162,232
2026-03-28,b71941cd-cef0-4be8-9103-a0fe3079bf69,181
2026-03-28,f81f44b3-6d11-4099-8724-be967cef680e,94
2026-03-28,94283eb1-1637-4e38-9cc7-4d6ea1c33ea7,478
2026-03-28,141bb373-2003-44a2-97d4-2497d9f1b353,17
2026-03-28,e2834a5e-d6e4-47e5-b624-6fb44b71170d,125
2026-03-28,6d4a276e-ea46-4f46-9523-a4696e2401f4,245
2026-03-28,19f6addb-88f1-4b8a-bc19-abeb6202db19,78
2026-03-28,45568dad-1858-4617-a71c-de9f6573cc88,4
2026-03-28,bd950d7b-e670-4d8b-9afa-17b960aeb030,107
2026-03-28,06a9fcf8-9895-4dac-835d-6538afb50488,139
2026-03-28,f4a090a0-05ac-4d44-9637-7a41a632a0b1,466
2026-03-28,e68e609d-4a46-49d5-9d1f-178b6ac661b5,425
2026-03-28,679cfcde-72ee-4ccf-b8cc-0dffc1e054e0,267
2026-03-28,df3afbac-e27f-4aaa-9d82-ad4d8288ca91,169
2026-03-28,a622f94d-af53-4fe6-ae3a-7eb6f243476d,306
2026-03-28,c9c80692-34c5-466a-b280-f3e36aba9e0e,204
2026-03-28,75eea4f5-3c4c-48ee-bcc2-a02ca1aa0707,190
2026-03-28,0578efd6-4fe9-4815-b5eb-df9c15366b2d,83
2026-03-28,7ef1ac2a-43e2-438a-b041-ea93cc788698,29
2026-03-28,86141946-3529-45d0-be22-fad94e49cffc,159
2026-03-28,75eea4f5-3c4c-48ee-bcc2-a02ca1aa0707,305
2026-03-28,56506681-9ac4-441f-9c2e-6e99df2841ec,60
2026-03-28,0578efd6-4fe9-4815-b5eb-df9c15366b2d,89
2026-03-28,d6a1db4a-a8cc-4416-a870-32f2890bce5e,182
2026-03-28,fb4731ad-aa5f-42b7-a66c-5e6c627afb51,13
2026-03-28,9605a25f-c7ea-46d9-b1c5-e066ca259375,303
2026-03-28,2d94fbae-79c5-4d8d-a360-b78771b35d5c,50
2026-03-28,eceabf31-0905-40b6-ae43-e5b0872e4c09,30
2026-03-28,8e783dc6-4f6d-4d76-8b14-4581da2942a5,55
2026-03-28,07133c2e-2543-463e-8191-cd6bb8f7287e,360
2026-03-28,500b5b48-7fa0-4f5b-b016-07a3478b49d1,285
2026-03-28,67ce978f-aa73-4c6d-ac4b-2fb98eac2690,135
2026-03-28,a622f94d-af53-4fe6-ae3a-7eb6f243476d,347
2026-03-28,78e11325-844e-447e-9540-66236cf32bef,184
2026-03-28,9e3ce1c2-94e9-4bd1-8eca-8ef9d70e7ae3,32
2026-03-29,b74ba8d3-80c8-4730-8643-4c6820d0d7c6,25
2026-03-29,f8a1abfc-21ea-4af9-b259-15e15effe3f5,192
2026-03-29,8d577a11-cd30-49ec-b147-0204c9933520,124
2026-03-29,964a7b53-d151-48ed-9ff2-f97bfe1fc39a,99
2026-03-29,8b8aa78a-338e-4d42-8bdc-6c80f56b1310,32
2026-03-29,fb4731ad-aa5f-42b7-a66c-5e6c627afb51,13
2026-03-29,de7cdbcb-579e-410b-a760-24bc39b38da0,16
2026-03-29,11e9f5d8-2684-4052-b618-3da2513dd0f5,19
2026-03-29,b74ba8d3-80c8-4730-8643-4c6820d0d7c6,33
2026-03-29,c53f0023-f635-44ad-a767-65c3d470725c,86
2026-03-29,8ce3e51b-aa19-43e6-84e9-520fc55a154b,130
2026-03-29,2bf02a5c-4dc0-4047-8d11-e69af5694fe1,470
2026-03-29,b641c7b8-ef58-45c3-ab89-6bc3204ec89e,54
2026-03-29,46f568ad-071f-45d3-b203-6a6787abff45,83
2026-03-29,18cb106c-9908-4d00-a75f-8f3a484f7566,207
2026-03-29,bde33c87-35f6-42ac-9e37-b31b0529a8d4,356
2026-03-29,c94f25f5-1a66-455b-809a-3169e6eddd38,180
2026-03-29,46f568ad-071f-45d3-b203-6a6787abff45,189
2026-03-29,99a7d335-ad92-4e5b-835a-61d8c69ba4f0,175
2026-03-29,f4a090a0-05ac-4d44-9637-7a41a632a0b1,81
2026-03-29,e68e609d-4a46-49d5-9d1f-178b6ac661b5,117
2026-03-29,45568dad-1858-4617-a71c-de9f6573cc88,2
2026-03-30,aa0d17d0-88c8-42a8-9337-1fd0b0adeb51,132
2026-03-30,4191b6b0-e937-4db3-9727-a31104f59109,1
2026-03-30,e70fe5b9-2e25-40d0-8d8b-95496cd98d0a,102
2026-03-30,17a0ddd8-81e9-463f-8e82-7166faa583d7,78
2026-03-30,04d12044-98c0-4912-8061-a4448009bf4f,89
2026-03-30,cbb46431-2527-437e-9634-16b58be0b920,162
2026-03-30,74ab7751-16ee-44ac-be72-a3db064005ab,150
2026-03-31,18cb106c-9908-4d00-a75f-8f3a484f7566,228
2026-03-31,cdb20350-f2fd-4d39-8966-1a0a9c8a6c02,156
2026-03-31,374227e6-7515-4c7d-800f-873a417da598,37
2026-03-31,a45e1522-4444-4ccb-863f-d322b657540b,87
2026-03-31,5ae263a0-a0de-4865-984b-8f31093273a3,116
2026-03-31,e2710b9e-522c-454d-9fdf-85a0d62d3635,131
2026-03-31,10c97f5a-d9dd-4b5b-bc22-84206756e57f,264
2026-03-31,cbb46431-2527-437e-9634-16b58be0b920,29
2026-03-31,b54c07e7-168e-4c31-b066-a414f996725d,10
2026-04-01,0c1d3680-6b2b-4706-96d2-6fdbdd058c20,248
2026-04-01,cd181a41-f978-4b5b-8884-a51ac578daeb,283
2026-04-01,74ab7751-16ee-44ac-be72-a3db064005ab,139
2026-04-01,f9e12bbe-ad03-495f-9e96-3eaf76051a5c,82
2026-04-01,8b8aa78a-338e-4d42-8bdc-6c80f56b1310,32
2026-04-01,9605a25f-c7ea-46d9-b1c5-e066ca259375,688
2026-04-01,f3ad8ef1-53d9-47a4-bf28-98bf4c503a2a,68
2026-04-01,b71941cd-cef0-4be8-9103-a0fe3079bf69,161
2026-04-01,cc703e15-a93c-423c-a368-1ed17f5bca2c,96
2026-04-01,95a18ada-4bd1-4d2d-87d2-eeea84357ae9,284
2026-04-01,ba8c9037-f5ad-4fc7-b6de-13d4b7827f39,97
2026-04-01,a2bd5b08-abe8-4abb-ab71-ffedf51ebc63,144
2026-04-01,5ec20ed9-51f2-4b36-ace4-1c00b0af731f,246
2026-04-01,70f1b94f-9910-4134-9f5b-2140284aaada,203
2026-04-01,f81f5b5b-d5bd-411f-bccb-fe6870671862,240
2026-04-01,0a142a36-c6fc-4135-a6ee-4d91835fae32,164
2026-04-01,a3ef1949-579e-4904-b56d-94d5ef3f52f9,133
2026-04-01,8e34005a-aae1-42c3-bd31-a44d9fc1f6d6,272
2026-04-01,ba8c9037-f5ad-4fc7-b6de-13d4b7827f39,45
2026-04-01,38ac85bb-bf5c-4bc7-ad5c-493d57ed4dae,250
2026-04-01,70e70c34-ae14-4604-acc5-51015e2f82b3,257
2026-04-01,df209978-c391-44ad-8492-9386ea6cdfb4,5
2026-04-01,e990b715-8df9-4fa9-8423-62898b9c4dcf,65
2026-04-01,a8a42c97-703e-4bc2-9384-2a45a78a943b,369
2026-04-01,1da86d07-48dc-479d-8d08-b6e45f65b698,337
2026-04-02,76496209-9117-46e3-a43e-a7331e91c8cf,313
2026-04-02,f81f44b3-6d11-4099-8724-be967cef680e,172
2026-04-02,66b49cb5-9af2-4dd0-8603-27b32517a23e,78
2026-04-02,b71941cd-cef0-4be8-9103-a0fe3079bf69,684
2026-04-02,83746f38-fe1c-458c-aa48-d27c72ae4b4f,226
2026-04-02,75eea4f5-3c4c-48ee-bcc2-a02ca1aa0707,161
2026-04-02,86141946-3529-45d0-be22-fad94e49cffc,130
2026-04-02,cf72d969-48aa-432b-8ea6-a1092a5d739f,82
2026-04-02,b54c07e7-168e-4c31-b066-a414f996725d,11
2026-04-02,ba8c9037-f5ad-4fc7-b6de-13d4b7827f39,297
2026-04-02,0578efd6-4fe9-4815-b5eb-df9c15366b2d,287
2026-04-02,56506681-9ac4-441f-9c2e-6e99df2841ec,203
2026-04-02,86141946-3529-45d0-be22-fad94e49cffc,54
2026-04-02,63143f6b-dba6-4849-b7fa-fd40b1006177,273
2026-04-02,76496209-9117-46e3-a43e-a7331e91c8cf,52
2026-04-02,f81f44b3-6d11-4099-8724-be967cef680e,162
2026-04-02,66b49cb5-9af2-4dd0-8603-27b32517a23e,323
2026-04-02,b71941cd-cef0-4be8-9103-a0fe3079bf69,92
2026-04-02,61ace082-5bf0-4f51-91e6-4b42485905fb,59
2026-04-02,60bbfd54-deb8-4820-bda2-7d5f23c5ac71,255
2026-04-02,eceabf31-0905-40b6-ae43-e5b0872e4c09,283
2026-04-02,d950c181-da46-4628-9726-ac2b31fe2de7,295
2026-04-02,67ce978f-aa73-4c6d-ac4b-2fb98eac2690,42
2026-04-02,8e783dc6-4f6d-4d76-8b14-4581da2942a5,66
2026-04-03,d950c181-da46-4628-9726-ac2b31fe2de7,238
2026-04-03,e70fe5b9-2e25-40d0-8d8b-95496cd98d0a,107
2026-04-03,ae6755f4-0a84-45c9-8038-68bc9aa2e54d,101
2026-04-03,d950c181-da46-4628-9726-ac2b31fe2de7,255
2026-04-03,2d94fbae-79c5-4d8d-a360-b78771b35d5c,207
2026-04-03,91196896-69b7-4438-9c66-d66c13521cf8,50
2026-04-04,ba8c9037-f5ad-4fc7-b6de-13d4b7827f39,99
2026-04-04,c3380f15-533f-4ead-ad89-ab854764664f,174
2026-04-04,94283eb1-1637-4e38-9cc7-4d6ea1c33ea7,139
2026-04-04,f9e39ee3-31b7-44ed-8c71-87c2b0704fa7,55
2026-04-04,1affea36-1fba-40b8-b983-cdd3252ec255,229
2026-04-04,64179c96-81dd-4512-84b9-0e5ac72476d1,146
2026-04-04,534165af-2d84-4e06-b704-49fdbf0a9d28,228
2026-04-04,22dfb9bc-c3ae-4650-bad1-88adad33eada,652
2026-04-04,38fec701-24e7-4143-b0f9-78e5f0954153,116
2026-04-04,57c642f9-0546-4f54-92ce-51e3ab1f4ffd,74
2026-04-04,ab2da2b7-3e30-4795-9cfa-eeab736149ab,100
2026-04-04,27119f21-4ec9-47df-809f-cab68bbeb105,63
2026-04-04,f676dbac-a8de-4c4c-bce7-7b9c3029c99b,434
2026-04-04,bf6804bd-0f80-4f00-a4d9-ff7d6d181685,151
2026-04-04,91196896-69b7-4438-9c66-d66c13521cf8,83
2026-04-04,6fa64707-db5f-4f0f-9a20-1215a31c3290,108
2026-04-04,38ac85bb-bf5c-4bc7-ad5c-493d57ed4dae,57
2026-04-04,47f738a2-2464-4820-a74e-15afa67bd937,214
2026-04-04,e68e609d-4a46-49d5-9d1f-178b6ac661b5,111
2026-04-04,45568dad-1858-4617-a71c-de9f6573cc88,9
2026-04-04,06a9fcf8-9895-4dac-835d-6538afb50488,96
2026-04-04,bd950d7b-e670-4d8b-9afa-17b960aeb030,133
2026-04-05,6e1629d9-dccd-40f6-ac1c-7a15d7cc4a42,20
2026-04-05,27119f21-4ec9-47df-809f-cab68bbeb105,342
2026-04-05,ae4c36c1-f8a7-4ae0-bab9-badf6098ccc3,176
2026-04-05,fe119095-3186-4216-8779-e7f45b181d68,236
2026-04-05,c2d69628-134e-4917-88a9-ea7fa1787d6d,95
2026-04-05,a6fcde18-1e70-4a84-b37b-23a6de607ef1,242
2026-04-05,e62cb075-1f77-48dc-b1a5-da48603d5373,353
2026-04-05,4c60e7ea-8fbe-48cc-9a88-55a3b47fdf0f,224
2026-04-05,bd950d7b-e670-4d8b-9afa-17b960aeb030,438
2026-04-05,a5778b60-522c-453e-8db0-8b525b6c521b,305
2026-04-05,b74ba8d3-80c8-4730-8643-4c6820d0d7c6,8
2026-04-05,404fbbae-9030-4ae2-83f7-4c372611308a,50
2026-04-05,cd48df7f-84b6-427f-8d13-50ba131a4408,144
2026-04-05,ef94ba9d-5e5f-400f-9dab-a1990cc66009,52
2026-04-05,e6c7a179-2257-4723-874e-6954c0bc34c3,27
2026-04-05,9e3ce1c2-94e9-4bd1-8eca-8ef9d70e7ae3,30
2026-04-05,78e11325-844e-447e-9540-66236cf32bef,61
2026-04-06,86141946-3529-45d0-be22-fad94e49cffc,46
2026-04-06,63143f6b-dba6-4849-b7fa-fd40b1006177,300
2026-04-06,32a07c13-aec4-4e15-823b-ebd2913af9c0,55
2026-04-06,206a78bf-c617-41dc-a059-db62641d56fb,226
2026-04-06,6d4a276e-ea46-4f46-9523-a4696e2401f4,167
2026-04-06,0c1d3680-6b2b-4706-96d2-6fdbdd058c20,102
2026-04-06,cc703e15-a93c-423c-a368-1ed17f5bca2c,92
2026-04-06,66b49cb5-9af2-4dd0-8603-27b32517a23e,186
2026-04-06,61ace082-5bf0-4f51-91e6-4b42485905fb,89
2026-04-06,b71941cd-cef0-4be8-9103-a0fe3079bf69,92
2026-04-06,f81f44b3-6d11-4099-8724-be967cef680e,109
2026-04-06,d567fe1a-6879-4bb2-a016-31db234bcc20,35
2026-04-06,679cfcde-72ee-4ccf-b8cc-0dffc1e054e0,236
2026-04-06,f4825542-8457-4acd-b64d-44564f86b788,240
2026-04-06,df3afbac-e27f-4aaa-9d82-ad4d8288ca91,200
2026-04-06,aeaf8d41-9786-4b2c-bf29-cbec4b344889,65
2026-04-06,919732f7-70f8-4671-a8fb-da97278e9655,191
2026-04-06,d3272d23-12fb-4b9e-bb56-9aa3b17230c2,766
2026-04-06,648dc2dc-e803-461c-bc73-8a902bc03bf7,15
2026-04-06,f81f5b5b-d5bd-411f-bccb-fe6870671862,92
2026-04-06,d93d39bd-624c-4341-a782-9ef64bc324d1,235
2026-04-06,5ec20ed9-51f2-4b36-ace4-1c00b0af731f,143
2026-04-06,f6acdadb-07ab-4398-8584-b95839b247d9,80
2026-04-06,112eeeec-d240-48f0-adca-10d2c033ebe8,202
2026-04-06,7b747786-8c10-44f4-be88-9229187d7f8d,177
2026-04-07,b74ba8d3-80c8-4730-8643-4c6820d0d7c6,8
2026-04-07,c5a22f97-a170-4eab-94ef-d20088c05646,16
2026-04-07,7ef1ac2a-43e2-438a-b041-ea93cc788698,54
2026-04-07,cf72d969-48aa-432b-8ea6-a1092a5d739f,65
2026-04-07,b54c07e7-168e-4c31-b066-a414f996725d,34
2026-04-07,07133c2e-2543-463e-8191-cd6bb8f7287e,141
2026-04-07,eceabf31-0905-40b6-ae43-e5b0872e4c09,236
2026-04-07,e09612d4-61e8-4b06-9c0c-2aa6bf99a368,32
2026-04-07,757b5fbb-eff2-43df-9a03-a50b30281162,304
2026-04-07,9d3ce992-9687-4a1f-877f-8713f55d70dc,196
2026-04-07,dc26827d-c335-4278-888f-f942ac76b5fc,2
2026-04-07,374227e6-7515-4c7d-800f-873a417da598,8
2026-04-07,8ce3e51b-aa19-43e6-84e9-520fc55a154b,79
2026-04-07,1ef46aa7-7ec8-4fd0-bdd3-f54d763dc528,54
2026-04-07,dc26827d-c335-4278-888f-f942ac76b5fc,2
2026-04-07,84fd3309-4e12-49eb-943d-6b888040eec9,197
2026-04-07,757b5fbb-eff2-43df-9a03-a50b30281162,136
2026-04-07,2bf02a5c-4dc0-4047-8d11-e69af5694fe1,113
2026-04-07,99a7d335-ad92-4e5b-835a-61d8c69ba4f0,41
2026-04-07,03d1d1c6-d015-412d-b885-0a3d53e5aba1,133
2026-04-07,ad252533-6734-4e2a-9bb5-0625c602e357,15
2026-04-07,778f5d64-20d9-46c9-ac6b-78127b8a18a6,154
2026-04-07,60bbfd54-deb8-4820-bda2-7d5f23c5ac71,102
2026-04-07,bd8ecf4e-4016-4cc1-9015-30ef7492ee7d,7
2026-04-07,e70fe5b9-2e25-40d0-8d8b-95496cd98d0a,73
2026-04-08,60bbfd54-deb8-4820-bda2-7d5f23c5ac71,248
2026-04-08,a45e1522-4444-4ccb-863f-d322b657540b,219
2026-04-08,fe00416c-6bd0-4e79-9df2-0278bd29e32f,14
2026-04-08,ade58c4e-4aeb-4646-9b7e-7c295f4c456f,163
2026-04-08,398a415a-fdb0-40ba-be8e-66a1a5814e6d,39
2026-04-08,a146d90e-da6e-41e6-891e-e6451709d812,246
2026-04-08,a6fcde18-1e70-4a84-b37b-23a6de607ef1,84
2026-04-08,5ae263a0-a0de-4865-984b-8f31093273a3,82
2026-04-08,6d4a276e-ea46-4f46-9523-a4696e2401f4,88
2026-04-08,0c1d3680-6b2b-4706-96d2-6fdbdd058c20,158
2026-04-08,61ace082-5bf0-4f51-91e6-4b42485905fb,309
2026-04-08,f81f44b3-6d11-4099-8724-be967cef680e,155
2026-04-08,76496209-9117-46e3-a43e-a7331e91c8cf,175
2026-04-08,df3afbac-e27f-4aaa-9d82-ad4d8288ca91,87
2026-04-08,c91ceb0b-bcb9-413d-aec7-12977299c128,84
2026-04-08,5feef123-1d15-4bf7-9d44-ae57ba3cb8d2,140
2026-04-09,de94f72b-ef10-44ca-8039-4de1c00ed98e,99
2026-04-09,df3afbac-e27f-4aaa-9d82-ad4d8288ca91,188
2026-04-09,1ef46aa7-7ec8-4fd0-bdd3-f54d763dc528,102
2026-04-09,71a0e3d8-007b-431f-abe9-00610dec6234,63
2026-04-09,778f5d64-20d9-46c9-ac6b-78127b8a18a6,27
2026-04-09,d29aa157-a13e-49b2-acbd-0751817a413a,77
2026-04-09,34cefd16-c9fc-4f5a-b21c-06e30d9f92ba,178
2026-04-09,5ae263a0-a0de-4865-984b-8f31093273a3,138
2026-04-09,74ab7751-16ee-44ac-be72-a3db064005ab,158
2026-04-09,a5778b60-522c-453e-8db0-8b525b6c521b,217
2026-04-09,45568dad-1858-4617-a71c-de9f6573cc88,2
2026-04-09,4c60e7ea-8fbe-48cc-9a88-55a3b47fdf0f,77
2026-04-09,e68e609d-4a46-49d5-9d1f-178b6ac661b5,460
2026-04-09,76496209-9117-46e3-a43e-a7331e91c8cf,52
2026-04-09,66b49cb5-9af2-4dd0-8603-27b32517a23e,181
2026-04-09,83746f38-fe1c-458c-aa48-d27c72ae4b4f,209
2026-04-09,cc703e15-a93c-423c-a368-1ed17f5bca2c,142
2026-04-09,e6c7a179-2257-4723-874e-6954c0bc34c3,53
2026-04-09,11e9f5d8-2684-4052-b618-3da2513dd0f5,39
2026-04-09,0578efd6-4fe9-4815-b5eb-df9c15366b2d,253
2026-04-09,cf72d969-48aa-432b-8ea6-a1092a5d739f,101
2026-04-09,56506681-9ac4-441f-9c2e-6e99df2841ec,135
2026-04-09,75eea4f5-3c4c-48ee-bcc2-a02ca1aa0707,246
2026-04-09,63143f6b-dba6-4849-b7fa-fd40b1006177,113
2026-04-10,71a0e3d8-007b-431f-abe9-00610dec6234,28
2026-04-10,1ef46aa7-7ec8-4fd0-bdd3-f54d763dc528,244
2026-04-10,778f5d64-20d9-46c9-ac6b-78127b8a18a6,232
2026-04-10,3802c5dd-f943-4702-86f2-eb7c7d3f0693,62
2026-04-10,949d0b72-ce6e-459b-89dd-b0f710043b58,124
2026-04-10,7b4c2ae1-fc6f-4d99-b917-b6c63ffbc633,355
2026-04-10,943c1dc8-f23a-4ea3-9181-4bdd3187cdaf,67
2026-04-10,639b6b77-33b1-44cd-87bc-c04598303533,170
2026-04-10,d3272d23-12fb-4b9e-bb56-9aa3b17230c2,149
2026-04-10,2d94fbae-79c5-4d8d-a360-b78771b35d5c,106
2026-04-10,8e783dc6-4f6d-4d76-8b14-4581da2942a5,196
2026-04-10,500b5b48-7fa0-4f5b-b016-07a3478b49d1,68
2026-04-10,d950c181-da46-4628-9726-ac2b31fe2de7,432
2026-04-10,e68e609d-4a46-49d5-9d1f-178b6ac661b5,294
2026-04-10,d29aa157-a13e-49b2-acbd-0751817a413a,58
2026-04-10,f4a090a0-05ac-4d44-9637-7a41a632a0b1,369
2026-04-10,06a9fcf8-9895-4dac-835d-6538afb50488,212
2026-04-10,22e69462-372c-4f00-aa95-d2bceb6df30d,260
2026-04-10,8e783dc6-4f6d-4d76-8b14-4581da2942a5,64
2026-04-10,c027e883-a7e5-4a45-8917-7c47839ddbb8,235
2026-04-10,323c5b1e-a605-45fe-b16f-0c1d2ecbac18,68
2026-04-10,75eea4f5-3c4c-48ee-bcc2-a02ca1aa0707,582
2026-04-10,86141946-3529-45d0-be22-fad94e49cffc,134
2026-04-10,cf72d969-48aa-432b-8ea6-a1092a5d739f,136
2026-04-10,7ef1ac2a-43e2-438a-b041-ea93cc788698,27
2026-04-10,56506681-9ac4-441f-9c2e-6e99df2841ec,43
2026-04-10,b4c15d05-bbb5-48b2-baab-b768b69c9af4,121
2026-04-10,04d12044-98c0-4912-8061-a4448009bf4f,76
2026-04-10,2cf388bb-63b5-4c4a-a049-f4a59c911664,154
2026-04-10,bd8ecf4e-4016-4cc1-9015-30ef7492ee7d,26
2026-04-10,b71941cd-cef0-4be8-9103-a0fe3079bf69,92
2026-04-10,f81f44b3-6d11-4099-8724-be967cef680e,330
2026-04-10,76496209-9117-46e3-a43e-a7331e91c8cf,52
2026-04-11,3802c5dd-f943-4702-86f2-eb7c7d3f0693,31
2026-04-11,b1968ac2-686b-433c-b6fb-12d2f359f1fd,28
2026-04-11,fe00416c-6bd0-4e79-9df2-0278bd29e32f,18
2026-04-11,2af91dad-5aca-4017-a69a-c58079de6327,67
2026-04-11,3420a80f-fd95-4a33-9bf0-c65aaaafd6cc,95
2026-04-11,b54c07e7-168e-4c31-b066-a414f996725d,10
2026-04-11,56506681-9ac4-441f-9c2e-6e99df2841ec,115
2026-04-11,778f5d64-20d9-46c9-ac6b-78127b8a18a6,159
2026-04-11,b54c07e7-168e-4c31-b066-a414f996725d,17
2026-04-11,7ef1ac2a-43e2-438a-b041-ea93cc788698,32
2026-04-11,a5778b60-522c-453e-8db0-8b525b6c521b,53
2026-04-11,ad252533-6734-4e2a-9bb5-0625c602e357,3
2026-04-11,71a0e3d8-007b-431f-abe9-00610dec6234,127
2026-04-11,f3811631-3343-45b1-b01c-8fcf4b63df6f,118
2026-04-11,aa453f97-467d-46d0-8a9b-862716b6758f,6
2026-04-11,11e9f5d8-2684-4052-b618-3da2513dd0f5,22
2026-04-11,404fbbae-9030-4ae2-83f7-4c372611308a,57
2026-04-11,01bca73b-8319-4754-9676-21a744f0a632,101
2026-04-11,11e9f5d8-2684-4052-b618-3da2513dd0f5,10
2026-04-11,be72ee8c-bb1d-4015-a030-58d0e97847b8,134
2026-04-12,91196896-69b7-4438-9c66-d66c13521cf8,54
2026-04-12,de94f72b-ef10-44ca-8039-4de1c00ed98e,253
2026-04-12,38ac85bb-bf5c-4bc7-ad5c-493d57ed4dae,90
2026-04-12,03d1d1c6-d015-412d-b885-0a3d53e5aba1,509
2026-04-12,3802c5dd-f943-4702-86f2-eb7c7d3f0693,77
2026-04-12,1ef46aa7-7ec8-4fd0-bdd3-f54d763dc528,144
2026-04-12,778f5d64-20d9-46c9-ac6b-78127b8a18a6,87
2026-04-12,c91ceb0b-bcb9-413d-aec7-12977299c128,134
2026-04-12,ae4c36c1-f8a7-4ae0-bab9-badf6098ccc3,129
2026-04-12,679cfcde-72ee-4ccf-b8cc-0dffc1e054e0,139
2026-04-12,cf72d969-48aa-432b-8ea6-a1092a5d739f,93
2026-04-13,c91ceb0b-bcb9-413d-aec7-12977299c128,108
2026-04-13,df3afbac-e27f-4aaa-9d82-ad4d8288ca91,69
2026-04-13,14916d83-2ab0-4da4-987f-82c151e90bdc,196
2026-04-13,57c642f9-0546-4f54-92ce-51e3ab1f4ffd,100
2026-04-13,d8bbeef7-d11a-4562-8350-82028b8e8c1d,113
2026-04-13,cf72d969-48aa-432b-8ea6-a1092a5d739f,112
2026-04-13,75eea4f5-3c4c-48ee-bcc2-a02ca1aa0707,154
2026-04-13,0578efd6-4fe9-4815-b5eb-df9c15366b2d,94
2026-04-13,63143f6b-dba6-4849-b7fa-fd40b1006177,202
2026-04-13,86141946-3529-45d0-be22-fad94e49cffc,198
2026-04-13,38ac85bb-bf5c-4bc7-ad5c-493d57ed4dae,112
2026-04-13,6fd18858-df49-4dac-bdfe-4cdaa313c8b8,122
2026-04-13,bf6804bd-0f80-4f00-a4d9-ff7d6d181685,130
2026-04-13,1ef46aa7-7ec8-4fd0-bdd3-f54d763dc528,77
2026-04-13,ad252533-6734-4e2a-9bb5-0625c602e357,3
2026-04-13,f4825542-8457-4acd-b64d-44564f86b788,347
2026-04-13,71a0e3d8-007b-431f-abe9-00610dec6234,101
2026-04-13,03d1d1c6-d015-412d-b885-0a3d53e5aba1,298
2026-04-13,ad252533-6734-4e2a-9bb5-0625c602e357,9
2026-04-13,0c1d3680-6b2b-4706-96d2-6fdbdd058c20,61
2026-04-13,cbb46431-2527-437e-9634-16b58be0b920,161
2026-04-13,cc703e15-a93c-423c-a368-1ed17f5bca2c,169
2026-04-13,76496209-9117-46e3-a43e-a7331e91c8cf,411
2026-04-13,b71941cd-cef0-4be8-9103-a0fe3079bf69,536
2026-04-14,be72ee8c-bb1d-4015-a030-58d0e97847b8,72
2026-04-14,404fbbae-9030-4ae2-83f7-4c372611308a,28
2026-04-14,da1b3af3-60c8-42f8-9e44-ff16d31c005e,19
2026-04-14,a5778b60-522c-453e-8db0-8b525b6c521b,113
2026-04-14,4c60e7ea-8fbe-48cc-9a88-55a3b47fdf0f,225
2026-04-14,56506681-9ac4-441f-9c2e-6e99df2841ec,172
2026-04-14,cf72d969-48aa-432b-8ea6-a1092a5d739f,102
2026-04-14,7ef1ac2a-43e2-438a-b041-ea93cc788698,81
2026-04-14,63143f6b-dba6-4849-b7fa-fd40b1006177,211
2026-04-14,1affea36-1fba-40b8-b983-cdd3252ec255,215
2026-04-14,6d4a276e-ea46-4f46-9523-a4696e2401f4,50
2026-04-15,61ace082-5bf0-4f51-91e6-4b42485905fb,129
2026-04-15,f81f44b3-6d11-4099-8724-be967cef680e,76
2026-04-15,66b49cb5-9af2-4dd0-8603-27b32517a23e,126
2026-04-15,757b5fbb-eff2-43df-9a03-a50b30281162,387
2026-04-15,a63d425d-e140-4889-9b04-e817e75e6e88,411
2026-04-15,d93d39bd-624c-4341-a782-9ef64bc324d1,89
2026-04-15,7b747786-8c10-44f4-be88-9229187d7f8d,143
2026-04-15,70f1b94f-9910-4134-9f5b-2140284aaada,257
2026-04-15,4df48154-703c-4882-988d-115a81788920,249
2026-04-15,778f5d64-20d9-46c9-ac6b-78127b8a18a6,160
2026-04-15,71a0e3d8-007b-431f-abe9-00610dec6234,46
2026-04-15,03d1d1c6-d015-412d-b885-0a3d53e5aba1,81
2026-04-15,dc26827d-c335-4278-888f-f942ac76b5fc,4
2026-04-15,fe119095-3186-4216-8779-e7f45b181d68,494
2026-04-15,785b4772-99ad-4619-8dbf-385d5611e78e,426
2026-04-16,f4825542-8457-4acd-b64d-44564f86b788,101
2026-04-16,9e3ce1c2-94e9-4bd1-8eca-8ef9d70e7ae3,133
2026-04-16,6e1629d9-dccd-40f6-ac1c-7a15d7cc4a42,21
2026-04-16,d8bbeef7-d11a-4562-8350-82028b8e8c1d,98
2026-04-16,1ef46aa7-7ec8-4fd0-bdd3-f54d763dc528,118
2026-04-16,3802c5dd-f943-4702-86f2-eb7c7d3f0693,197
2026-04-16,86f7963d-1572-469d-8490-5b0a8917dd7d,105
2026-04-16,e8dcbc25-4974-4865-a9a6-67f06fd9d66a,219
2026-04-16,123e3ea5-9992-4fa2-a63a-69d4a5c20d5d,29
2026-04-16,a39dcecc-003b-4169-b8e2-9414f8e93564,58
2026-04-16,df1decca-4744-45d6-bac8-18b79254aa45,364
2026-04-16,3802c5dd-f943-4702-86f2-eb7c7d3f0693,28
2026-04-16,cf72d969-48aa-432b-8ea6-a1092a5d739f,173
2026-04-16,56506681-9ac4-441f-9c2e-6e99df2841ec,40
2026-04-17,e2834a5e-d6e4-47e5-b624-6fb44b71170d,99
2026-04-17,c94f25f5-1a66-455b-809a-3169e6eddd38,103
2026-04-17,bde33c87-35f6-42ac-9e37-b31b0529a8d4,115
2026-04-17,5feef123-1d15-4bf7-9d44-ae57ba3cb8d2,202
2026-04-17,ab2da2b7-3e30-4795-9cfa-eeab736149ab,21
2026-04-17,f676dbac-a8de-4c4c-bce7-7b9c3029c99b,90
2026-04-17,cf72d969-48aa-432b-8ea6-a1092a5d739f,66
2026-04-17,7ef1ac2a-43e2-438a-b041-ea93cc788698,18
2026-04-17,86141946-3529-45d0-be22-fad94e49cffc,56
2026-04-17,63143f6b-dba6-4849-b7fa-fd40b1006177,118
2026-04-17,1b56ceb0-5f94-442e-838b-0b577b8ecd09,87
2026-04-17,4c60e7ea-8fbe-48cc-9a88-55a3b47fdf0f,82
2026-04-17,e68e609d-4a46-49d5-9d1f-178b6ac661b5,177
2026-04-17,34cefd16-c9fc-4f5a-b21c-06e30d9f92ba,190
2026-04-17,d29aa157-a13e-49b2-acbd-0751817a413a,59
2026-04-18,7d64b5d9-889a-4a53-8f5a-a59bcc8cbf57,36
2026-04-18,c3380f15-533f-4ead-ad89-ab854764664f,197
2026-04-18,95a18ada-4bd1-4d2d-87d2-eeea84357ae9,204
2026-04-18,71a0e3d8-007b-431f-abe9-00610dec6234,214
2026-04-18,1ef46aa7-7ec8-4fd0-bdd3-f54d763dc528,90
2026-04-18,ad252533-6734-4e2a-9bb5-0625c602e357,8
2026-04-18,778f5d64-20d9-46c9-ac6b-78127b8a18a6,38
2026-04-18,7b4c2ae1-fc6f-4d99-b917-b6c63ffbc633,160
2026-04-18,ef94ba9d-5e5f-400f-9dab-a1990cc66009,89
2026-04-18,23a81ae8-9bed-4b1e-9b4d-e31dbdf3d8b4,40
2026-04-18,206a78bf-c617-41dc-a059-db62641d56fb,326
2026-04-18,bf6804bd-0f80-4f00-a4d9-ff7d6d181685,242
2026-04-18,323fde40-0fde-4601-80d8-c21ee233090d,91
2026-04-18,76496209-9117-46e3-a43e-a7331e91c8cf,121
2026-04-18,83746f38-fe1c-458c-aa48-d27c72ae4b4f,341
2026-04-18,cc703e15-a93c-423c-a368-1ed17f5bca2c,901
2026-04-18,d29aa157-a13e-49b2-acbd-0751817a413a,256
2026-04-18,f92bd031-c396-4704-8ae1-9c3ccf18d4c1,15
2026-04-18,dc26827d-c335-4278-888f-f942ac76b5fc,1
2026-04-18,18cb106c-9908-4d00-a75f-8f3a484f7566,619
2026-04-18,46f568ad-071f-45d3-b203-6a6787abff45,105
2026-04-18,46f568ad-071f-45d3-b203-6a6787abff45,223
2026-04-18,18cb106c-9908-4d00-a75f-8f3a484f7566,478
2026-04-18,757b5fbb-eff2-43df-9a03-a50b30281162,90
2026-04-18,99a7d335-ad92-4e5b-835a-61d8c69ba4f0,88
2026-04-19,f9e12bbe-ad03-495f-9e96-3eaf76051a5c,149
2026-04-19,9605a25f-c7ea-46d9-b1c5-e066ca259375,314
2026-04-19,fb4731ad-aa5f-42b7-a66c-5e6c627afb51,51
2026-04-19,07ac2356-0f30-4114-9a6c-dc7543f0e44e,191
2026-04-19,4191b6b0-e937-4db3-9727-a31104f59109,6
2026-04-19,04d12044-98c0-4912-8061-a4448009bf4f,289
2026-04-19,8ce3e51b-aa19-43e6-84e9-520fc55a154b,463
2026-04-19,8dc6d9a0-e2c5-4e96-83b4-29242b570a05,128
2026-04-19,6d959996-8c2b-4f67-97ab-fd007177628c,12
2026-04-19,f6acdadb-07ab-4398-8584-b95839b247d9,120
2026-04-19,943c1dc8-f23a-4ea3-9181-4bdd3187cdaf,103
2026-04-19,975ea67f-2c6c-46d0-b74c-a53dc7e42ea2,174
2026-04-19,e796efe1-37ba-40b8-82e3-30cc2b0bfe6b,143
2026-04-19,919732f7-70f8-4671-a8fb-da97278e9655,136
2026-04-19,86573017-2b63-41a3-8ff2-9b2e95a0acae,45
2026-04-19,8dc6d9a0-e2c5-4e96-83b4-29242b570a05,84
2026-04-19,64179c96-81dd-4512-84b9-0e5ac72476d1,65
2026-04-19,d3621581-3b1e-4f3c-b88e-16a771b6fd51,345
2026-04-19,964a7b53-d151-48ed-9ff2-f97bfe1fc39a,95
2026-04-19,f3ad8ef1-53d9-47a4-bf28-98bf4c503a2a,88
2026-04-19,22dfb9bc-c3ae-4650-bad1-88adad33eada,449
2026-04-20,f87abd85-9f75-43d3-b942-cd1ace8d82df,248
2026-04-20,bf6804bd-0f80-4f00-a4d9-ff7d6d181685,205
2026-04-20,206a78bf-c617-41dc-a059-db62641d56fb,403
2026-04-20,ba8c9037-f5ad-4fc7-b6de-13d4b7827f39,227
2026-04-20,6fa64707-db5f-4f0f-9a20-1215a31c3290,325
2026-04-20,f3811631-3343-45b1-b01c-8fcf4b63df6f,26
2026-04-20,23a81ae8-9bed-4b1e-9b4d-e31dbdf3d8b4,17
2026-04-20,cd48df7f-84b6-427f-8d13-50ba131a4408,169
2026-04-20,404fbbae-9030-4ae2-83f7-4c372611308a,31
2026-04-20,f81f5b5b-d5bd-411f-bccb-fe6870671862,125
2026-04-20,943c1dc8-f23a-4ea3-9181-4bdd3187cdaf,100
2026-04-20,70f1b94f-9910-4134-9f5b-2140284aaada,644
2026-04-20,2cf388bb-63b5-4c4a-a049-f4a59c911664,335
2026-04-20,8dc6d9a0-e2c5-4e96-83b4-29242b570a05,148
2026-04-20,35c06479-7b7c-4445-a7c2-67c7bcb4a2ce,28
2026-04-21,2cf388bb-63b5-4c4a-a049-f4a59c911664,260
2026-04-21,35c06479-7b7c-4445-a7c2-67c7bcb4a2ce,16
2026-04-21,19f6addb-88f1-4b8a-bc19-abeb6202db19,101
2026-04-21,94283eb1-1637-4e38-9cc7-4d6ea1c33ea7,144
2026-04-21,35c06479-7b7c-4445-a7c2-67c7bcb4a2ce,92
2026-04-21,81a8d0f2-a3bc-48dd-b60f-7d1ee3bb61de,34
2026-04-21,be72ee8c-bb1d-4015-a030-58d0e97847b8,201
2026-04-21,cd48df7f-84b6-427f-8d13-50ba131a4408,37
2026-04-21,23a81ae8-9bed-4b1e-9b4d-e31dbdf3d8b4,40
2026-04-21,679cfcde-72ee-4ccf-b8cc-0dffc1e054e0,155
2026-04-21,ae4c36c1-f8a7-4ae0-bab9-badf6098ccc3,209
2026-04-21,14916d83-2ab0-4da4-987f-82c151e90bdc,244
2026-04-21,02fdcd0f-70a0-4ee4-ab03-bea802a616a7,384
2026-04-21,ba8c9037-f5ad-4fc7-b6de-13d4b7827f39,128
2026-04-21,a3ef1949-579e-4904-b56d-94d5ef3f52f9,98
2026-04-21,0a142a36-c6fc-4135-a6ee-4d91835fae32,373
2026-04-21,8e34005a-aae1-42c3-bd31-a44d9fc1f6d6,528
2026-04-21,bf6804bd-0f80-4f00-a4d9-ff7d6d181685,388
2026-04-21,7b4c2ae1-fc6f-4d99-b917-b6c63ffbc633,618
2026-04-21,975ea67f-2c6c-46d0-b74c-a53dc7e42ea2,587
2026-04-21,d3272d23-12fb-4b9e-bb56-9aa3b17230c2,319
2026-04-21,f3ad8ef1-53d9-47a4-bf28-98bf4c503a2a,53
2026-04-21,d3621581-3b1e-4f3c-b88e-16a771b6fd51,268
2026-04-22,1ef46aa7-7ec8-4fd0-bdd3-f54d763dc528,69
2026-04-22,71a0e3d8-007b-431f-abe9-00610dec6234,139
2026-04-22,03d1d1c6-d015-412d-b885-0a3d53e5aba1,109
2026-04-22,3802c5dd-f943-4702-86f2-eb7c7d3f0693,68
2026-04-22,ad252533-6734-4e2a-9bb5-0625c602e357,5
2026-04-22,778f5d64-20d9-46c9-ac6b-78127b8a18a6,250
2026-04-22,ad252533-6734-4e2a-9bb5-0625c602e357,10
2026-04-22,3802c5dd-f943-4702-86f2-eb7c7d3f0693,83
2026-04-22,71a0e3d8-007b-431f-abe9-00610dec6234,44
2026-04-22,91196896-69b7-4438-9c66-d66c13521cf8,176
2026-04-22,02e64c63-8d6e-416d-ad15-26d3201b1718,52
2026-04-22,6fa64707-db5f-4f0f-9a20-1215a31c3290,50
2026-04-22,f87abd85-9f75-43d3-b942-cd1ace8d82df,80
2026-04-22,c91ceb0b-bcb9-413d-aec7-12977299c128,56
2026-04-22,ae4c36c1-f8a7-4ae0-bab9-badf6098ccc3,58
2026-04-22,d567fe1a-6879-4bb2-a016-31db234bcc20,35
2026-04-22,3802c5dd-f943-4702-86f2-eb7c7d3f0693,37
2026-04-22,71a0e3d8-007b-431f-abe9-00610dec6234,53
2026-04-22,1ef46aa7-7ec8-4fd0-bdd3-f54d763dc528,175
2026-04-22,778f5d64-20d9-46c9-ac6b-78127b8a18a6,27
2026-04-22,500b5b48-7fa0-4f5b-b016-07a3478b49d1,84
2026-04-22,323c5b1e-a605-45fe-b16f-0c1d2ecbac18,122
2026-04-22,8e783dc6-4f6d-4d76-8b14-4581da2942a5,73
2026-04-22,07133c2e-2543-463e-8191-cd6bb8f7287e,256
2026-04-22,18cb106c-9908-4d00-a75f-8f3a484f7566,320
2026-04-22,374227e6-7515-4c7d-800f-873a417da598,23
2026-04-22,a45e1522-4444-4ccb-863f-d322b657540b,248
2026-04-22,a366258a-bc11-4ab8-a77f-7b709ef9535e,254
2026-04-22,06a9fcf8-9895-4dac-835d-6538afb50488,170
2026-04-22,bf4ab8f3-74f9-4210-acb8-60e4f9e8c03b,171
2026-04-23,1ef46aa7-7ec8-4fd0-bdd3-f54d763dc528,174
2026-04-23,778f5d64-20d9-46c9-ac6b-78127b8a18a6,56
2026-04-23,03d1d1c6-d015-412d-b885-0a3d53e5aba1,93
2026-04-23,71a0e3d8-007b-431f-abe9-00610dec6234,44
2026-04-23,3802c5dd-f943-4702-86f2-eb7c7d3f0693,86
2026-04-23,7ef1ac2a-43e2-438a-b041-ea93cc788698,20
2026-04-23,86141946-3529-45d0-be22-fad94e49cffc,388
2026-04-23,75eea4f5-3c4c-48ee-bcc2-a02ca1aa0707,217
2026-04-23,5ec20ed9-51f2-4b36-ace4-1c00b0af731f,363
2026-04-23,70f1b94f-9910-4134-9f5b-2140284aaada,342
2026-04-23,d3272d23-12fb-4b9e-bb56-9aa3b17230c2,91
2026-04-23,112eeeec-d240-48f0-adca-10d2c033ebe8,340
2026-04-23,1570de8f-5233-4dad-a014-c57c7d2b30cd,113
2026-04-23,c027e883-a7e5-4a45-8917-7c47839ddbb8,538
2026-04-23,2d94fbae-79c5-4d8d-a360-b78771b35d5c,61
2026-04-23,323c5b1e-a605-45fe-b16f-0c1d2ecbac18,75
2026-04-23,d950c181-da46-4628-9726-ac2b31fe2de7,332
2026-04-23,86141946-3529-45d0-be22-fad94e49cffc,46
2026-04-23,75eea4f5-3c4c-48ee-bcc2-a02ca1aa0707,188
2026-04-23,a8a42c97-703e-4bc2-9384-2a45a78a943b,402
2026-04-23,bd8ecf4e-4016-4cc1-9015-30ef7492ee7d,10
2026-04-23,4191b6b0-e937-4db3-9727-a31104f59109,7
2026-04-23,8dc6d9a0-e2c5-4e96-83b4-29242b570a05,69
2026-04-23,2cf388bb-63b5-4c4a-a049-f4a59c911664,84
2026-04-23,a8a42c97-703e-4bc2-9384-2a45a78a943b,97
2026-04-23,5ae263a0-a0de-4865-984b-8f31093273a3,89
2026-04-23,1affea36-1fba-40b8-b983-cdd3252ec255,113
2026-04-23,74ab7751-16ee-44ac-be72-a3db064005ab,81
2026-04-23,10c97f5a-d9dd-4b5b-bc22-84206756e57f,488
2026-04-23,0c1d3680-6b2b-4706-96d2-6fdbdd058c20,258
2026-04-23,ad252533-6734-4e2a-9bb5-0625c602e357,5
2026-04-23,61ace082-5bf0-4f51-91e6-4b42485905fb,331
2026-04-23,38fec701-24e7-4143-b0f9-78e5f0954153,74
2026-04-23,a622f94d-af53-4fe6-ae3a-7eb6f243476d,88
2026-04-23,f676dbac-a8de-4c4c-bce7-7b9c3029c99b,99
2026-04-23,bde33c87-35f6-42ac-9e37-b31b0529a8d4,89
2026-04-23,5feef123-1d15-4bf7-9d44-ae57ba3cb8d2,232
2026-04-23,de7cdbcb-579e-410b-a760-24bc39b38da0,12
2026-04-23,81a8d0f2-a3bc-48dd-b60f-7d1ee3bb61de,72
2026-04-23,7d64b5d9-889a-4a53-8f5a-a59bcc8cbf57,55
2026-04-23,91196896-69b7-4438-9c66-d66c13521cf8,141
2026-04-23,534165af-2d84-4e06-b704-49fdbf0a9d28,149
2026-04-23,8b8aa78a-338e-4d42-8bdc-6c80f56b1310,63
2026-04-23,964a7b53-d151-48ed-9ff2-f97bfe1fc39a,119
2026-04-23,22dfb9bc-c3ae-4650-bad1-88adad33eada,97
2026-04-23,9592efa6-7150-4fd4-9590-4d34231d13f3,11
2026-04-24,3802c5dd-f943-4702-86f2-eb7c7d3f0693,24
2026-04-24,ad252533-6734-4e2a-9bb5-0625c602e357,3
2026-04-24,2d94fbae-79c5-4d8d-a360-b78771b35d5c,300
2026-04-24,c027e883-a7e5-4a45-8917-7c47839ddbb8,601
2026-04-24,500b5b48-7fa0-4f5b-b016-07a3478b49d1,356
2026-04-24,67ce978f-aa73-4c6d-ac4b-2fb98eac2690,155
2026-04-24,eceabf31-0905-40b6-ae43-e5b0872e4c09,30
2026-04-24,443830d6-2116-457e-a59e-07929a7e581c,74
2026-04-24,ae6755f4-0a84-45c9-8038-68bc9aa2e54d,620
2026-04-24,bd8ecf4e-4016-4cc1-9015-30ef7492ee7d,12
2026-04-24,2cf388bb-63b5-4c4a-a049-f4a59c911664,61
2026-04-24,785b4772-99ad-4619-8dbf-385d5611e78e,333
2026-04-24,e990b715-8df9-4fa9-8423-62898b9c4dcf,162
2026-04-24,13fc9961-14c1-4d40-9826-11fa03861989,169
2026-04-24,7b4c2ae1-fc6f-4d99-b917-b6c63ffbc633,122
2026-04-24,5ec20ed9-51f2-4b36-ace4-1c00b0af731f,86
2026-04-24,f5c9e395-2684-4dfa-a6f9-d625dd6a0ccc,62
2026-04-24,10c97f5a-d9dd-4b5b-bc22-84206756e57f,471
2026-04-24,141bb373-2003-44a2-97d4-2497d9f1b353,28
2026-04-25,60bbfd54-deb8-4820-bda2-7d5f23c5ac71,491
2026-04-25,ee7d5d3f-2ceb-4ce6-b5ed-21bc75705297,94
2026-04-25,27119f21-4ec9-47df-809f-cab68bbeb105,63
2026-04-25,86141946-3529-45d0-be22-fad94e49cffc,122
2026-04-25,323c5b1e-a605-45fe-b16f-0c1d2ecbac18,307
2026-04-25,67ce978f-aa73-4c6d-ac4b-2fb98eac2690,228
2026-04-25,70e70c34-ae14-4604-acc5-51015e2f82b3,383
2026-04-25,123e3ea5-9992-4fa2-a63a-69d4a5c20d5d,34
2026-04-25,1764cc81-19d5-423f-b717-8003bc410d4a,77
2026-04-25,f616bdc7-2657-48bb-b11c-755bd213dc54,23
2026-04-25,18cb106c-9908-4d00-a75f-8f3a484f7566,79
2026-04-25,e09612d4-61e8-4b06-9c0c-2aa6bf99a368,65
2026-04-25,e6c7a179-2257-4723-874e-6954c0bc34c3,132
2026-04-25,ef94ba9d-5e5f-400f-9dab-a1990cc66009,67
2026-04-25,23a81ae8-9bed-4b1e-9b4d-e31dbdf3d8b4,25
2026-04-25,cd48df7f-84b6-427f-8d13-50ba131a4408,160
2026-04-25,bf4ab8f3-74f9-4210-acb8-60e4f9e8c03b,118
2026-04-25,36f2be10-0e48-44ff-9638-0dc4b31e52e8,105
2026-04-25,f9e39ee3-31b7-44ed-8c71-87c2b0704fa7,199
2026-04-25,1affea36-1fba-40b8-b983-cdd3252ec255,94
2026-04-25,1ef46aa7-7ec8-4fd0-bdd3-f54d763dc528,233
2026-04-25,71a0e3d8-007b-431f-abe9-00610dec6234,55
2026-04-25,ad252533-6734-4e2a-9bb5-0625c602e357,19
2026-04-25,a6fcde18-1e70-4a84-b37b-23a6de607ef1,53
2026-04-25,ade58c4e-4aeb-4646-9b7e-7c295f4c456f,72
2026-04-25,13fc9961-14c1-4d40-9826-11fa03861989,300
2026-04-25,71a0e3d8-007b-431f-abe9-00610dec6234,28
2026-04-25,3802c5dd-f943-4702-86f2-eb7c7d3f0693,103
2026-04-25,778f5d64-20d9-46c9-ac6b-78127b8a18a6,218
2026-04-25,1ef46aa7-7ec8-4fd0-bdd3-f54d763dc528,196
2026-04-26,7b747786-8c10-44f4-be88-9229187d7f8d,476
2026-04-26,949d0b72-ce6e-459b-89dd-b0f710043b58,304
2026-04-26,648dc2dc-e803-461c-bc73-8a902bc03bf7,20
2026-04-26,75eea4f5-3c4c-48ee-bcc2-a02ca1aa0707,134
2026-04-26,0578efd6-4fe9-4815-b5eb-df9c15366b2d,201
2026-04-26,b54c07e7-168e-4c31-b066-a414f996725d,4
2026-04-26,404fbbae-9030-4ae2-83f7-4c372611308a,17
2026-04-26,23a81ae8-9bed-4b1e-9b4d-e31dbdf3d8b4,19
2026-04-26,11e9f5d8-2684-4052-b618-3da2513dd0f5,78
2026-04-26,f3811631-3343-45b1-b01c-8fcf4b63df6f,15
2026-04-26,cd48df7f-84b6-427f-8d13-50ba131a4408,213
2026-04-26,df3afbac-e27f-4aaa-9d82-ad4d8288ca91,382
2026-04-26,ae4c36c1-f8a7-4ae0-bab9-badf6098ccc3,83
2026-04-26,ab2da2b7-3e30-4795-9cfa-eeab736149ab,141
2026-04-26,a622f94d-af53-4fe6-ae3a-7eb6f243476d,94
2026-04-26,d567fe1a-6879-4bb2-a016-31db234bcc20,76
2026-04-26,99a7d335-ad92-4e5b-835a-61d8c69ba4f0,24
2026-04-26,c3380f15-533f-4ead-ad89-ab854764664f,444
2026-04-26,0a142a36-c6fc-4135-a6ee-4d91835fae32,122
2026-04-26,a622f94d-af53-4fe6-ae3a-7eb6f243476d,185
2026-04-26,360d7a24-ee57-49db-b95a-6c07a781cdbc,35
2026-04-26,38fec701-24e7-4143-b0f9-78e5f0954153,90
2026-04-26,ab2da2b7-3e30-4795-9cfa-eeab736149ab,95
2026-04-27,d6a1db4a-a8cc-4416-a870-32f2890bce5e,186
2026-04-27,f3ad8ef1-53d9-47a4-bf28-98bf4c503a2a,53
2026-04-27,9605a25f-c7ea-46d9-b1c5-e066ca259375,645
2026-04-27,990bd9fc-6d53-4d01-98e7-767c2181c68f,99
2026-04-27,75eea4f5-3c4c-48ee-bcc2-a02ca1aa0707,81
2026-04-27,b54c07e7-168e-4c31-b066-a414f996725d,8
2026-04-27,8d577a11-cd30-49ec-b147-0204c9933520,132
2026-04-27,d6a1db4a-a8cc-4416-a870-32f2890bce5e,327
2026-04-27,f9e12bbe-ad03-495f-9e96-3eaf76051a5c,270
2026-04-27,9605a25f-c7ea-46d9-b1c5-e066ca259375,944
2026-04-27,f4a090a0-05ac-4d44-9637-7a41a632a0b1,209
2026-04-27,f81f44b3-6d11-4099-8724-be967cef680e,139
2026-04-27,66b49cb5-9af2-4dd0-8603-27b32517a23e,263
2026-04-27,83746f38-fe1c-458c-aa48-d27c72ae4b4f,113
2026-04-27,76496209-9117-46e3-a43e-a7331e91c8cf,155
2026-04-27,66b49cb5-9af2-4dd0-8603-27b32517a23e,617
2026-04-27,f81f44b3-6d11-4099-8724-be967cef680e,294
2026-04-27,b71941cd-cef0-4be8-9103-a0fe3079bf69,258
2026-04-27,83746f38-fe1c-458c-aa48-d27c72ae4b4f,51
2026-04-27,36f2be10-0e48-44ff-9638-0dc4b31e52e8,62
2026-04-27,0c1d3680-6b2b-4706-96d2-6fdbdd058c20,208
2026-04-27,e2710b9e-522c-454d-9fdf-85a0d62d3635,649
2026-04-27,5ae263a0-a0de-4865-984b-8f31093273a3,171
2026-04-27,19f6addb-88f1-4b8a-bc19-abeb6202db19,311
2026-04-27,aeaf8d41-9786-4b2c-bf29-cbec4b344889,51
2026-04-27,02fdcd0f-70a0-4ee4-ab03-bea802a616a7,210
2026-04-27,7b4c2ae1-fc6f-4d99-b917-b6c63ffbc633,326
2026-04-27,a63d425d-e140-4889-9b04-e817e75e6e88,788
2026-04-27,d93d39bd-624c-4341-a782-9ef64bc324d1,240
2026-04-27,61ace082-5bf0-4f51-91e6-4b42485905fb,83
2026-04-27,b71941cd-cef0-4be8-9103-a0fe3079bf69,279
2026-04-28,46f568ad-071f-45d3-b203-6a6787abff45,503
2026-04-28,a45e1522-4444-4ccb-863f-d322b657540b,252
2026-04-28,9d3ce992-9687-4a1f-877f-8713f55d70dc,616
2026-04-28,135da2c0-7f30-4692-a5e6-8a910355c8a3,192
2026-04-28,55735a3f-3f95-42f5-8d27-8db91bbac592,130
2026-04-28,61ace082-5bf0-4f51-91e6-4b42485905fb,59
2026-04-28,cc703e15-a93c-423c-a368-1ed17f5bca2c,240
2026-04-28,83746f38-fe1c-458c-aa48-d27c72ae4b4f,121
2026-04-28,f3811631-3343-45b1-b01c-8fcf4b63df6f,55
2026-04-28,9e3ce1c2-94e9-4bd1-8eca-8ef9d70e7ae3,40
2026-04-28,27119f21-4ec9-47df-809f-cab68bbeb105,210
2026-04-28,76496209-9117-46e3-a43e-a7331e91c8cf,211
2026-04-28,cc703e15-a93c-423c-a368-1ed17f5bca2c,837
2026-04-28,b71941cd-cef0-4be8-9103-a0fe3079bf69,267
2026-04-28,66b49cb5-9af2-4dd0-8603-27b32517a23e,192
2026-04-28,94283eb1-1637-4e38-9cc7-4d6ea1c33ea7,279
2026-04-28,0c1d3680-6b2b-4706-96d2-6fdbdd058c20,61
2026-04-28,10c97f5a-d9dd-4b5b-bc22-84206756e57f,75
2026-04-28,f5c9e395-2684-4dfa-a6f9-d625dd6a0ccc,117
2026-04-28,e2834a5e-d6e4-47e5-b624-6fb44b71170d,456
2026-04-28,83746f38-fe1c-458c-aa48-d27c72ae4b4f,100
2026-04-28,66b49cb5-9af2-4dd0-8603-27b32517a23e,413
2026-04-28,cc703e15-a93c-423c-a368-1ed17f5bca2c,340
2026-04-28,03d1d1c6-d015-412d-b885-0a3d53e5aba1,64
2026-04-28,3802c5dd-f943-4702-86f2-eb7c7d3f0693,208
2026-04-28,975ea67f-2c6c-46d0-b74c-a53dc7e42ea2,98
2026-04-28,943c1dc8-f23a-4ea3-9181-4bdd3187cdaf,136
2026-04-29,13fc9961-14c1-4d40-9826-11fa03861989,213
2026-04-29,e990b715-8df9-4fa9-8423-62898b9c4dcf,321
2026-04-29,07133c2e-2543-463e-8191-cd6bb8f7287e,318
2026-04-29,eceabf31-0905-40b6-ae43-e5b0872e4c09,76
2026-04-29,f81f44b3-6d11-4099-8724-be967cef680e,171
2026-04-29,61ace082-5bf0-4f51-91e6-4b42485905fb,238
2026-04-29,76496209-9117-46e3-a43e-a7331e91c8cf,64
2026-04-29,1affea36-1fba-40b8-b983-cdd3252ec255,74
2026-04-29,36f2be10-0e48-44ff-9638-0dc4b31e52e8,73
2026-04-29,0c1d3680-6b2b-4706-96d2-6fdbdd058c20,306
2026-04-29,f9e39ee3-31b7-44ed-8c71-87c2b0704fa7,315
2026-04-29,19f6addb-88f1-4b8a-bc19-abeb6202db19,523
2026-04-29,398a415a-fdb0-40ba-be8e-66a1a5814e6d,246
2026-04-29,785b4772-99ad-4619-8dbf-385d5611e78e,345
2026-04-29,3420a80f-fd95-4a33-9bf0-c65aaaafd6cc,165
2026-04-29,7ef1ac2a-43e2-438a-b041-ea93cc788698,89
2026-04-29,56506681-9ac4-441f-9c2e-6e99df2841ec,73
2026-04-29,cc703e15-a93c-423c-a368-1ed17f5bca2c,493
2026-04-29,76496209-9117-46e3-a43e-a7331e91c8cf,273
2026-04-30,e2710b9e-522c-454d-9fdf-85a0d62d3635,370
2026-04-30,f5c9e395-2684-4dfa-a6f9-d625dd6a0ccc,39
2026-04-30,10c97f5a-d9dd-4b5b-bc22-84206756e57f,114
2026-04-30,bd950d7b-e670-4d8b-9afa-17b960aeb030,213
2026-04-30,47f738a2-2464-4820-a74e-15afa67bd937,97
2026-04-30,bf4ab8f3-74f9-4210-acb8-60e4f9e8c03b,373
2026-04-30,a5778b60-522c-453e-8db0-8b525b6c521b,217
2026-04-30,a366258a-bc11-4ab8-a77f-7b709ef9535e,179
2026-04-30,2bf02a5c-4dc0-4047-8d11-e69af5694fe1,251
2026-04-30,9d3ce992-9687-4a1f-877f-8713f55d70dc,112
2026-04-30,9d026919-e757-4793-91da-f1693e924ef8,156
2026-04-30,55735a3f-3f95-42f5-8d27-8db91bbac592,571
2026-04-30,e09612d4-61e8-4b06-9c0c-2aa6bf99a368,18
2026-04-30,94283eb1-1637-4e38-9cc7-4d6ea1c33ea7,117
2026-04-30,10c97f5a-d9dd-4b5b-bc22-84206756e57f,406
2026-04-30,81a8d0f2-a3bc-48dd-b60f-7d1ee3bb61de,56
2026-04-30,aa453f97-467d-46d0-8a9b-862716b6758f,6
2026-04-30,360d7a24-ee57-49db-b95a-6c07a781cdbc,32
2026-04-30,6e1629d9-dccd-40f6-ac1c-7a15d7cc4a42,55
2026-04-30,78e11325-844e-447e-9540-66236cf32bef,85
2026-04-30,c9c80692-34c5-466a-b280-f3e36aba9e0e,212
2026-04-30,83746f38-fe1c-458c-aa48-d27c72ae4b4f,273
2026-04-30,b71941cd-cef0-4be8-9103-a0fe3079bf69,538
2026-04-30,61ace082-5bf0-4f51-91e6-4b42485905fb,135
2026-04-30,76496209-9117-46e3-a43e-a7331e91c8cf,95
2026-04-30,ab2da2b7-3e30-4795-9cfa-eeab736149ab,39
2026-04-30,6e1629d9-dccd-40f6-ac1c-7a15d7cc4a42,29
2026-04-30,f676dbac-a8de-4c4c-bce7-7b9c3029c99b,157
2026-05-01,2af91dad-5aca-4017-a69a-c58079de6327,80
2026-05-01,fe119095-3186-4216-8779-e7f45b181d68,355
2026-05-01,a6fcde18-1e70-4a84-b37b-23a6de607ef1,68
2026-05-01,a39dcecc-003b-4169-b8e2-9414f8e93564,127
2026-05-01,bf6804bd-0f80-4f00-a4d9-ff7d6d181685,357
2026-05-01,38ac85bb-bf5c-4bc7-ad5c-493d57ed4dae,94
2026-05-01,75eea4f5-3c4c-48ee-bcc2-a02ca1aa0707,122
2026-05-01,86141946-3529-45d0-be22-fad94e49cffc,126
2026-05-01,7ef1ac2a-43e2-438a-b041-ea93cc788698,80
2026-05-01,3802c5dd-f943-4702-86f2-eb7c7d3f0693,171
2026-05-01,b54c07e7-168e-4c31-b066-a414f996725d,7
2026-05-01,fe119095-3186-4216-8779-e7f45b181d68,171
2026-05-01,1ef46aa7-7ec8-4fd0-bdd3-f54d763dc528,259
2026-05-01,03d1d1c6-d015-412d-b885-0a3d53e5aba1,80
2026-05-01,3802c5dd-f943-4702-86f2-eb7c7d3f0693,70
2026-05-01,778f5d64-20d9-46c9-ac6b-78127b8a18a6,61
2026-05-01,ad252533-6734-4e2a-9bb5-0625c602e357,10
2026-05-02,6d959996-8c2b-4f67-97ab-fd007177628c,19
2026-05-02,2bf02a5c-4dc0-4047-8d11-e69af5694fe1,169
2026-05-02,cd48df7f-84b6-427f-8d13-50ba131a4408,74
2026-05-02,01bca73b-8319-4754-9676-21a744f0a632,35
2026-05-02,e6c7a179-2257-4723-874e-6954c0bc34c3,17
2026-05-02,bd8ecf4e-4016-4cc1-9015-30ef7492ee7d,15
2026-05-02,ae6755f4-0a84-45c9-8038-68bc9aa2e54d,77
2026-05-02,cbb46431-2527-437e-9634-16b58be0b920,56
2026-05-02,74ab7751-16ee-44ac-be72-a3db064005ab,180
2026-05-02,d6a1db4a-a8cc-4416-a870-32f2890bce5e,275
2026-05-02,f3ad8ef1-53d9-47a4-bf28-98bf4c503a2a,293
2026-05-02,8b8aa78a-338e-4d42-8bdc-6c80f56b1310,200
2026-05-02,8d577a11-cd30-49ec-b147-0204c9933520,83
2026-05-02,9592efa6-7150-4fd4-9590-4d34231d13f3,7
2026-05-02,60bbfd54-deb8-4820-bda2-7d5f23c5ac71,191
2026-05-02,35c06479-7b7c-4445-a7c2-67c7bcb4a2ce,18
2026-05-02,17a0ddd8-81e9-463f-8e82-7166faa583d7,30
2026-05-02,4191b6b0-e937-4db3-9727-a31104f59109,4
2026-05-02,86573017-2b63-41a3-8ff2-9b2e95a0acae,56
2026-05-02,323c5b1e-a605-45fe-b16f-0c1d2ecbac18,91
2026-05-02,67ce978f-aa73-4c6d-ac4b-2fb98eac2690,52
2026-05-02,d950c181-da46-4628-9726-ac2b31fe2de7,185
2026-05-02,eceabf31-0905-40b6-ae43-e5b0872e4c09,54
2026-05-02,07133c2e-2543-463e-8191-cd6bb8f7287e,67
2026-05-02,778f5d64-20d9-46c9-ac6b-78127b8a18a6,31
2026-05-02,1ef46aa7-7ec8-4fd0-bdd3-f54d763dc528,159
2026-05-02,03d1d1c6-d015-412d-b885-0a3d53e5aba1,210
2026-05-02,71a0e3d8-007b-431f-abe9-00610dec6234,152
2026-05-02,a146d90e-da6e-41e6-891e-e6451709d812,409
2026-05-02,ad252533-6734-4e2a-9bb5-0625c602e357,6
2026-05-02,03d1d1c6-d015-412d-b885-0a3d53e5aba1,106
2026-05-02,1ef46aa7-7ec8-4fd0-bdd3-f54d763dc528,356
2026-05-02,323c5b1e-a605-45fe-b16f-0c1d2ecbac18,107
2026-05-02,eceabf31-0905-40b6-ae43-e5b0872e4c09,39
2026-05-03,2cf388bb-63b5-4c4a-a049-f4a59c911664,316
2026-05-03,35c06479-7b7c-4445-a7c2-67c7bcb4a2ce,14
2026-05-03,782ff122-c203-45cd-b076-7ed6c79050a2,231
2026-05-03,07ac2356-0f30-4114-9a6c-dc7543f0e44e,116
2026-05-03,443830d6-2116-457e-a59e-07929a7e581c,45
2026-05-03,f9e12bbe-ad03-495f-9e96-3eaf76051a5c,82
2026-05-03,8d577a11-cd30-49ec-b147-0204c9933520,166
2026-05-03,9592efa6-7150-4fd4-9590-4d34231d13f3,7
2026-05-03,f3ad8ef1-53d9-47a4-bf28-98bf4c503a2a,81
2026-05-03,22e69462-372c-4f00-aa95-d2bceb6df30d,130
2026-05-03,76496209-9117-46e3-a43e-a7331e91c8cf,52
2026-05-03,83746f38-fe1c-458c-aa48-d27c72ae4b4f,305
2026-05-03,66b49cb5-9af2-4dd0-8603-27b32517a23e,128
2026-05-03,cc703e15-a93c-423c-a368-1ed17f5bca2c,306
2026-05-03,4191b6b0-e937-4db3-9727-a31104f59109,2
2026-05-03,782ff122-c203-45cd-b076-7ed6c79050a2,72
2026-05-03,35c06479-7b7c-4445-a7c2-67c7bcb4a2ce,31
2026-05-03,07ac2356-0f30-4114-9a6c-dc7543f0e44e,152
2026-05-03,a5778b60-522c-453e-8db0-8b525b6c521b,53
2026-05-03,45568dad-1858-4617-a71c-de9f6573cc88,3
2026-05-03,03d1d1c6-d015-412d-b885-0a3d53e5aba1,302
2026-05-03,3802c5dd-f943-4702-86f2-eb7c7d3f0693,63
2026-05-03,778f5d64-20d9-46c9-ac6b-78127b8a18a6,102
2026-05-03,1ef46aa7-7ec8-4fd0-bdd3-f54d763dc528,426
2026-05-03,71a0e3d8-007b-431f-abe9-00610dec6234,92
2026-05-04,642d3481-4416-4fe2-af1e-87fb9e23a2de,20
2026-05-04,f81f5b5b-d5bd-411f-bccb-fe6870671862,359
2026-05-04,bde33c87-35f6-42ac-9e37-b31b0529a8d4,556
2026-05-04,a622f94d-af53-4fe6-ae3a-7eb6f243476d,114
2026-05-04,bd8ecf4e-4016-4cc1-9015-30ef7492ee7d,17
2026-05-04,2377c2cd-6cbf-4269-ba06-ba1978ee4c7f,47
2026-05-04,443830d6-2116-457e-a59e-07929a7e581c,40
2026-05-04,c2d69628-134e-4917-88a9-ea7fa1787d6d,178
2026-05-04,cbb46431-2527-437e-9634-16b58be0b920,140
2026-05-04,ef94ba9d-5e5f-400f-9dab-a1990cc66009,128
2026-05-04,81a8d0f2-a3bc-48dd-b60f-7d1ee3bb61de,161
2026-05-04,c5a22f97-a170-4eab-94ef-d20088c05646,6
2026-05-04,f8a1abfc-21ea-4af9-b259-15e15effe3f5,581
2026-05-04,e6c7a179-2257-4723-874e-6954c0bc34c3,46
2026-05-04,cd48df7f-84b6-427f-8d13-50ba131a4408,202
2026-05-04,f3811631-3343-45b1-b01c-8fcf4b63df6f,16
2026-05-04,01bca73b-8319-4754-9676-21a744f0a632,69
2026-05-04,63143f6b-dba6-4849-b7fa-fd40b1006177,208
2026-05-04,86141946-3529-45d0-be22-fad94e49cffc,370
2026-05-04,7ef1ac2a-43e2-438a-b041-ea93cc788698,112
2026-05-04,ad252533-6734-4e2a-9bb5-0625c602e357,18
2026-05-04,1ef46aa7-7ec8-4fd0-bdd3-f54d763dc528,96
2026-05-04,778f5d64-20d9-46c9-ac6b-78127b8a18a6,62
2026-05-04,03d1d1c6-d015-412d-b885-0a3d53e5aba1,293
2026-05-04,66b49cb5-9af2-4dd0-8603-27b32517a23e,363
2026-05-04,f81f44b3-6d11-4099-8724-be967cef680e,158
2026-05-04,61ace082-5bf0-4f51-91e6-4b42485905fb,141
2026-05-04,b71941cd-cef0-4be8-9103-a0fe3079bf69,357
2026-05-05,a3ef1949-579e-4904-b56d-94d5ef3f52f9,73
2026-05-05,a2bd5b08-abe8-4abb-ab71-ffedf51ebc63,588
2026-05-05,7d64b5d9-889a-4a53-8f5a-a59bcc8cbf57,42
2026-05-05,95a18ada-4bd1-4d2d-87d2-eeea84357ae9,187
2026-05-05,8dc6d9a0-e2c5-4e96-83b4-29242b570a05,45
2026-05-05,2377c2cd-6cbf-4269-ba06-ba1978ee4c7f,26
2026-05-05,2cf388bb-63b5-4c4a-a049-f4a59c911664,363
2026-05-05,f87abd85-9f75-43d3-b942-cd1ace8d82df,123
2026-05-05,91196896-69b7-4438-9c66-d66c13521cf8,132
2026-05-05,1da86d07-48dc-479d-8d08-b6e45f65b698,65
2026-05-05,a8a42c97-703e-4bc2-9384-2a45a78a943b,108
2026-05-05,94283eb1-1637-4e38-9cc7-4d6ea1c33ea7,139
2026-05-05,f5c9e395-2684-4dfa-a6f9-d625dd6a0ccc,39
2026-05-05,99a7d335-ad92-4e5b-835a-61d8c69ba4f0,65
2026-05-05,cdb20350-f2fd-4d39-8966-1a0a9c8a6c02,221
2026-05-05,dc26827d-c335-4278-888f-f942ac76b5fc,1
2026-05-05,e09612d4-61e8-4b06-9c0c-2aa6bf99a368,9
2026-05-05,2bf02a5c-4dc0-4047-8d11-e69af5694fe1,137
2026-05-05,07133c2e-2543-463e-8191-cd6bb8f7287e,94
2026-05-05,2cf388bb-63b5-4c4a-a049-f4a59c911664,245
2026-05-05,8ce3e51b-aa19-43e6-84e9-520fc55a154b,58
2026-05-05,aa453f97-467d-46d0-8a9b-862716b6758f,36
2026-05-05,da1b3af3-60c8-42f8-9e44-ff16d31c005e,89
2026-05-05,ef94ba9d-5e5f-400f-9dab-a1990cc66009,132
2026-05-05,81a8d0f2-a3bc-48dd-b60f-7d1ee3bb61de,116
2026-05-05,93ddf8de-1896-42d9-b428-1d2581d76d44,13
2026-05-05,d6a1db4a-a8cc-4416-a870-32f2890bce5e,276
2026-05-05,6d959996-8c2b-4f67-97ab-fd007177628c,3
2026-05-05,22dfb9bc-c3ae-4650-bad1-88adad33eada,320
2026-05-05,22e69462-372c-4f00-aa95-d2bceb6df30d,592
2026-05-05,02e64c63-8d6e-416d-ad15-26d3201b1718,12
2026-05-05,de94f72b-ef10-44ca-8039-4de1c00ed98e,99
2026-05-05,38ac85bb-bf5c-4bc7-ad5c-493d57ed4dae,72
2026-05-05,206a78bf-c617-41dc-a059-db62641d56fb,75
2026-05-06,949d0b72-ce6e-459b-89dd-b0f710043b58,430
2026-05-06,1affea36-1fba-40b8-b983-cdd3252ec255,89
2026-05-06,679cfcde-72ee-4ccf-b8cc-0dffc1e054e0,279
2026-05-06,c94f25f5-1a66-455b-809a-3169e6eddd38,124
2026-05-06,bde33c87-35f6-42ac-9e37-b31b0529a8d4,94
2026-05-06,91196896-69b7-4438-9c66-d66c13521cf8,86
2026-05-06,c3380f15-533f-4ead-ad89-ab854764664f,133
2026-05-06,95a18ada-4bd1-4d2d-87d2-eeea84357ae9,47
2026-05-06,a3ef1949-579e-4904-b56d-94d5ef3f52f9,28
2026-05-06,02e64c63-8d6e-416d-ad15-26d3201b1718,71
2026-05-06,91196896-69b7-4438-9c66-d66c13521cf8,117
2026-05-06,8e34005a-aae1-42c3-bd31-a44d9fc1f6d6,125
2026-05-06,cf72d969-48aa-432b-8ea6-a1092a5d739f,105
2026-05-06,63143f6b-dba6-4849-b7fa-fd40b1006177,135
2026-05-06,86141946-3529-45d0-be22-fad94e49cffc,186
2026-05-06,75eea4f5-3c4c-48ee-bcc2-a02ca1aa0707,583
2026-05-06,0578efd6-4fe9-4815-b5eb-df9c15366b2d,54
2026-05-07,61ace082-5bf0-4f51-91e6-4b42485905fb,59
2026-05-07,66b49cb5-9af2-4dd0-8603-27b32517a23e,105
2026-05-07,76496209-9117-46e3-a43e-a7331e91c8cf,100
2026-05-07,cc703e15-a93c-423c-a368-1ed17f5bca2c,180
2026-05-07,b71941cd-cef0-4be8-9103-a0fe3079bf69,416
2026-05-07,4ef7b90d-cbaa-4851-b161-fa168a8b8c20,68
2026-05-07,c94f25f5-1a66-455b-809a-3169e6eddd38,71
2026-05-07,ae4c36c1-f8a7-4ae0-bab9-badf6098ccc3,107
2026-05-07,a622f94d-af53-4fe6-ae3a-7eb6f243476d,545
2026-05-07,57c642f9-0546-4f54-92ce-51e3ab1f4ffd,27
2026-05-07,86f7963d-1572-469d-8490-5b0a8917dd7d,158
2026-05-07,964a7b53-d151-48ed-9ff2-f97bfe1fc39a,81
2026-05-07,fb4731ad-aa5f-42b7-a66c-5e6c627afb51,59
2026-05-07,22e69462-372c-4f00-aa95-d2bceb6df30d,147
2026-05-07,a5778b60-522c-453e-8db0-8b525b6c521b,199
2026-05-07,1b56ceb0-5f94-442e-838b-0b577b8ecd09,82
2026-05-07,c2d69628-134e-4917-88a9-ea7fa1787d6d,119
2026-05-07,1764cc81-19d5-423f-b717-8003bc410d4a,48
2026-05-07,aa453f97-467d-46d0-8a9b-862716b6758f,12
2026-05-07,f3811631-3343-45b1-b01c-8fcf4b63df6f,81
2026-05-07,23a81ae8-9bed-4b1e-9b4d-e31dbdf3d8b4,64
2026-05-07,11e9f5d8-2684-4052-b618-3da2513dd0f5,64
2026-05-07,9605a25f-c7ea-46d9-b1c5-e066ca259375,191
2026-05-07,22dfb9bc-c3ae-4650-bad1-88adad33eada,156
2026-05-07,d8bbeef7-d11a-4562-8350-82028b8e8c1d,326
2026-05-07,38fec701-24e7-4143-b0f9-78e5f0954153,49
2026-05-07,df3afbac-e27f-4aaa-9d82-ad4d8288ca91,247
2026-05-07,57c642f9-0546-4f54-92ce-51e3ab1f4ffd,126
2026-05-07,4ef7b90d-cbaa-4851-b161-fa168a8b8c20,35
2026-05-07,efa35228-7ac9-47a8-8587-6f26024c9799,164
2026-05-07,91196896-69b7-4438-9c66-d66c13521cf8,124
2026-05-07,57c642f9-0546-4f54-92ce-51e3ab1f4ffd,153
2026-05-07,14916d83-2ab0-4da4-987f-82c151e90bdc,144
2026-05-07,aeaf8d41-9786-4b2c-bf29-cbec4b344889,111
2026-05-07,a622f94d-af53-4fe6-ae3a-7eb6f243476d,110
2026-05-07,0c1d3680-6b2b-4706-96d2-6fdbdd058c20,203
2026-05-07,6d4a276e-ea46-4f46-9523-a4696e2401f4,107
2026-05-07,e2710b9e-522c-454d-9fdf-85a0d62d3635,372
2026-05-07,10c97f5a-d9dd-4b5b-bc22-84206756e57f,128
2026-05-07,d93d39bd-624c-4341-a782-9ef64bc324d1,270
2026-05-07,f6acdadb-07ab-4398-8584-b95839b247d9,25
2026-05-07,70f1b94f-9910-4134-9f5b-2140284aaada,85
2026-05-07,a63d425d-e140-4889-9b04-e817e75e6e88,264
2026-05-07,c027e883-a7e5-4a45-8917-7c47839ddbb8,480
2026-05-07,07133c2e-2543-463e-8191-cd6bb8f7287e,176
2026-05-07,eceabf31-0905-40b6-ae43-e5b0872e4c09,41
2026-05-07,8e783dc6-4f6d-4d76-8b14-4581da2942a5,51
2026-05-08,a5778b60-522c-453e-8db0-8b525b6c521b,257
2026-05-08,1b56ceb0-5f94-442e-838b-0b577b8ecd09,388
2026-05-08,06a9fcf8-9895-4dac-835d-6538afb50488,295
2026-05-08,7d64b5d9-889a-4a53-8f5a-a59bcc8cbf57,38
2026-05-08,0a142a36-c6fc-4135-a6ee-4d91835fae32,177
2026-05-08,32a07c13-aec4-4e15-823b-ebd2913af9c0,76
2026-05-08,02e64c63-8d6e-416d-ad15-26d3201b1718,12
2026-05-08,b4c15d05-bbb5-48b2-baab-b768b69c9af4,202
2026-05-08,2bf02a5c-4dc0-4047-8d11-e69af5694fe1,124
2026-05-08,64179c96-81dd-4512-84b9-0e5ac72476d1,55
2026-05-08,8b8aa78a-338e-4d42-8bdc-6c80f56b1310,208
2026-05-08,d6a1db4a-a8cc-4416-a870-32f2890bce5e,83